id,type,reference_price,descript,url,company
1946831,飞利浦S15（8+128GB） ,539,超薄八核，百元备用机，电竞长续航,http://detail.zol.com.cn/cell_phone/index1946831.shtml,飞利浦
1282932,飞利浦E109（双4G） ,109,主屏材质:TFT材质 主屏分辨率:240x320像素 CPU型号:联发科 4G网络:移动TD-LTE，联通TD-LTE，联通FDD-LTE SIM卡类型:双卡，Micro SIM卡 电池类型:可拆卸式电池 电池容量:1000mAh,http://detail.zol.com.cn/cell_phone/index1282932.shtml,飞利浦
1946832,飞利浦S15（8+256GB） ,709,超薄八核，百元备用机，电竞长续航,http://detail.zol.com.cn/cell_phone/index1946832.shtml,飞利浦
1226497,飞利浦E163K（移动/联通2G） ,129,主屏尺寸:1.77英寸 主屏材质:TFT材质 主屏分辨率:320x240像素 屏幕像素密度:226ppi SIM卡类型:双卡，SIM卡 RAM容量:32MB ROM容量:32MB,http://detail.zol.com.cn/cell_phone/index1226497.shtml,飞利浦
1947063,Philips（飞利浦）PH6 8+256GB ,988,超薄大屏，双面屏，老人机,http://detail.zol.com.cn/cell_phone/index1947063.shtml,飞利浦
1795856,飞利浦E6105 ,169,立体大按键，全语音王，扫码支付,http://detail.zol.com.cn/cell_phone/index1795856.shtml,飞利浦
1315738,飞利浦S610（4GB/64GB/全网通） ,609,屏幕类型:全面屏（19:9水滴屏） 主屏尺寸:6.088英寸 出厂系统内核:Android 主屏材质:LCD 主屏分辨率:1560x720像素 CPU型号:联发科 MT6762 4G网络:移动TD-LTE，联通FDD-LTE，电信FDD-LTE,http://detail.zol.com.cn/cell_phone/index1315738.shtml,飞利浦
1947106,飞利浦PH9（4+128GB） ,1299,时尚大屏，128G大内存，全面屏,http://detail.zol.com.cn/cell_phone/index1947106.shtml,飞利浦
1309330,飞利浦E515（全网通） ,499,双卡双待，双屏手机，翻盖接听,http://detail.zol.com.cn/cell_phone/index1309330.shtml,飞利浦
1258769,飞利浦E289 ,399,主屏尺寸:2.4英寸 主屏材质:TFT材质 出厂系统内核:Android 8.1 主屏分辨率:320x240像素 CPU型号:联发科 MT6739 4G网络:全网通：移动TD-LTE，联通TD-LTE，联通FDD-LTE，电信TD-LTE，电信FDD-LTE CPU频率:1.5GHz,http://detail.zol.com.cn/cell_phone/index1258769.shtml,飞利浦
1947065,飞利浦PH2（6+256GB） ,699,智能手机，6.2英寸，大屏，语音播报,http://detail.zol.com.cn/cell_phone/index1947065.shtml,飞利浦
1947064,飞利浦PH2（6+64GB） ,499,智能手机，6.2英寸，大屏，语音播报,http://detail.zol.com.cn/cell_phone/index1947064.shtml,飞利浦
1315999,飞利浦E525（双4G） ,349,全网通4G，高清通话，语音播报,http://detail.zol.com.cn/cell_phone/index1315999.shtml,飞利浦
1316028,飞利浦E109C（电信2G） ,179,防滑后盖，超大字体，持久待机,http://detail.zol.com.cn/cell_phone/index1316028.shtml,飞利浦
1315721,飞利浦E219（移动/联通2G） ,299,语音助手，音视频播放，内外双屏,http://detail.zol.com.cn/cell_phone/index1315721.shtml,飞利浦
1282947,飞利浦E517（双4G） ,299,主屏尺寸:2.4英寸 主屏材质:TFT材质 主屏分辨率:240x320像素 CPU型号:联发科 4G网络:移动TD-LTE，联通TD-LTE，联通FDD-LTE SIM卡类型:双卡，Micro SIM卡 电池类型:可拆卸式电池,http://detail.zol.com.cn/cell_phone/index1282947.shtml,飞利浦
1258844,飞利浦E218L ,279,主屏尺寸:2.8英寸 主屏材质:TFT材质 主屏分辨率:320x240像素 SIM卡类型:双卡（大卡，双卡双待单通） 电池类型:可拆卸式电池 电池容量:1050mAh 后置摄像头:30万像素,http://detail.zol.com.cn/cell_phone/index1258844.shtml,飞利浦
1282944,飞利浦E125（移动/联通2G） ,119,主屏尺寸:2.4英寸 主屏材质:TFT材质 主屏分辨率:240x320像素 CPU型号:联发科 4G网络:移动TD-LTE，联通TD-LTE，联通FDD-LTE SIM卡类型:双卡，Micro SIM卡 电池类型:可拆卸式电池,http://detail.zol.com.cn/cell_phone/index1282944.shtml,飞利浦
1947072,飞利浦S700（6+128GB） ,699,超长续航，可用5G卡全网通，百元机备用,http://detail.zol.com.cn/cell_phone/index1947072.shtml,飞利浦
1315659,飞利浦E288S（双4G） ,349,智能手写触屏，移动联通双4G，超长待机,http://detail.zol.com.cn/cell_phone/index1315659.shtml,飞利浦
1282949,飞利浦E280（移动/联通2G） ,299,主屏尺寸:2.8英寸 主屏材质:TFT材质（IPS） 主屏分辨率:240x320像素 屏幕像素密度:143ppi 4G网络:移动TD-LTE，联通TD-LTE，联通FDD-LTE SIM卡类型:双卡，Micro SIM卡 电池类型:可拆卸式电池,http://detail.zol.com.cn/cell_phone/index1282949.shtml,飞利浦
1282936,飞利浦E319（双4G） ,199,主屏尺寸:2.8英寸 主屏材质:TFT材质 主屏分辨率:240x320像素 CPU型号:联发科 SIM卡类型:双卡，Micro SIM卡 电池类型:可拆卸式电池 电池容量:1700mAh,http://detail.zol.com.cn/cell_phone/index1282936.shtml,飞利浦
1228691,飞利浦E258S（移动/联通2G） ,169,主屏尺寸:2.4英寸 主屏材质:TFT材质 主屏分辨率:320x240像素 屏幕像素密度:167ppi SIM卡类型:双卡，SIM卡 RAM容量:32MB ROM容量:32MB,http://detail.zol.com.cn/cell_phone/index1228691.shtml,飞利浦
1212252,飞利浦E152Y（移动/联通2G） ,179,主屏尺寸:2.4英寸 主屏材质:TFT材质 主屏分辨率:320x240像素 屏幕像素密度:167ppi SIM卡类型:双卡，SIM卡 电池容量:1050mAh 上市日期:2018年04月,http://detail.zol.com.cn/cell_phone/index1212252.shtml,飞利浦
1206184,飞利浦E212A（移动/联通2G） ,265,主屏尺寸:2.8英寸 主屏分辨率:320x240像素 屏幕像素密度:143ppi SIM卡类型:双卡，SIM卡 ROM容量:32MB 存储卡:MicroSD卡 电池类型:可拆卸式电池,http://detail.zol.com.cn/cell_phone/index1206184.shtml,飞利浦
1159685,飞利浦E570（移动/联通2G） ,139,主屏尺寸:2.8英寸 主屏分辨率:320x240像素 屏幕像素密度:143ppi 电池类型:可拆卸式电池 电池容量:3160mAh 后置摄像头:200万像素 上市日期:2016年9月,http://detail.zol.com.cn/cell_phone/index1159685.shtml,飞利浦
1099454,飞利浦E103（移动/联通2G） ,235,主屏尺寸:1.7英寸 主屏材质:TFT 主屏分辨率:128x160像素 屏幕像素密度:121ppi SIM卡类型:双卡，SIM卡 RAM容量:32MB ROM容量:16MB,http://detail.zol.com.cn/cell_phone/index1099454.shtml,飞利浦
1315704,飞利浦E209（移动/联通2G） ,168,语音播报，一键解锁，强光手电,http://detail.zol.com.cn/cell_phone/index1315704.shtml,飞利浦
1309592,飞利浦E520（移动/联通2G） ,299,滑盖接听，语音播报，外放FM,http://detail.zol.com.cn/cell_phone/index1309592.shtml,飞利浦
1309580,飞利浦E516（全网通） ,299,独立快捷按键，VoLTE高清通话，横屏设计,http://detail.zol.com.cn/cell_phone/index1309580.shtml,飞利浦
1307196,飞利浦E518（全网通） ,399,主屏尺寸:2.8英寸 出厂系统内核:Android 8.1 主屏材质:TFT材质 主屏分辨率:240x320像素 CPU型号:联发科 4G网络:移动TD-LTE，联通TD-LTE，联通FDD-LTE SIM卡类型:双卡，Micro SIM卡,http://detail.zol.com.cn/cell_phone/index1307196.shtml,飞利浦
1258781,飞利浦E256S ,288,主屏尺寸:2.4英寸 主屏材质:TFT材质 主屏分辨率:320x240像素 CPU型号:联发科 MT6761D SIM卡类型:双卡（大卡，双卡双待单通） 电池类型:可拆卸式电池 电池容量:1300mAh,http://detail.zol.com.cn/cell_phone/index1258781.shtml,飞利浦
1243394,飞利浦E108（移动/联通2G） ,109,主屏尺寸:1.77英寸 主屏材质:TFT材质 主屏分辨率:320x240像素 屏幕像素密度:226ppi 电池类型:可拆卸式电池 电池容量:1000mAh 上市日期:2018年10月,http://detail.zol.com.cn/cell_phone/index1243394.shtml,飞利浦
1171094,飞利浦E106（移动/联通2G） ,109,主屏尺寸:1.77英寸 主屏材质:TFT材质 主屏分辨率:160x128像素 屏幕像素密度:116ppi SIM卡:双卡，SIM卡 存储卡:MicroSD卡 电池类型:可拆卸式电池,http://detail.zol.com.cn/cell_phone/index1171094.shtml,飞利浦
1157844,飞利浦E105 ,98,主屏尺寸:1.77英寸 主屏材质:TFT 主屏分辨率:128x160像素 屏幕像素密度:116ppi 网络类型:双卡 RAM容量:32MB ROM容量:16MB,http://detail.zol.com.cn/cell_phone/index1157844.shtml,飞利浦
1316005,飞利浦E258C（电信2G） ,238,大字体，一键解锁，立体声大喇叭,http://detail.zol.com.cn/cell_phone/index1316005.shtml,飞利浦
1309311,飞利浦E206（移动/联通2G） ,188,双灯强光手电筒，侧键开关，双卡双待,http://detail.zol.com.cn/cell_phone/index1309311.shtml,飞利浦
1282948,飞利浦E170（移动/联通2G） ,168,主屏尺寸:2.4英寸 主屏材质:TFT材质 主屏分辨率:240x320像素 CPU型号:联发科 4G网络:移动TD-LTE，联通TD-LTE，联通FDD-LTE SIM卡类型:双卡，Micro SIM卡 电池类型:可拆卸式电池,http://detail.zol.com.cn/cell_phone/index1282948.shtml,飞利浦
1282946,飞利浦E331K（移动/联通2G） ,199,主屏尺寸:2.4英寸 主屏材质:TFT材质 主屏分辨率:240x320像素 CPU型号:联发科 4G网络:移动TD-LTE，联通TD-LTE，联通FDD-LTE SIM卡类型:双卡，Micro SIM卡 电池类型:可拆卸式电池,http://detail.zol.com.cn/cell_phone/index1282946.shtml,飞利浦
1282942,飞利浦E188A（移动/联通2G） ,399,主屏尺寸:2.4英寸 主屏材质:TFT材质 主屏分辨率:240x320像素 CPU型号:联发科 4G网络:移动TD-LTE，联通TD-LTE，联通FDD-LTE SIM卡类型:双卡，Micro SIM卡 电池类型:可拆卸式电池,http://detail.zol.com.cn/cell_phone/index1282942.shtml,飞利浦
1258853,飞利浦E107 ,129,主屏尺寸:2.4英寸 主屏材质:TFT材质 主屏分辨率:320x240像素 SIM卡类型:双卡（大卡，双卡双待单通） 电池类型:可拆卸式电池 电池容量:1450mAh 上市日期:2018年,http://detail.zol.com.cn/cell_phone/index1258853.shtml,飞利浦
1212753,飞利浦E171L（移动/联通2G） ,198,主屏尺寸:2.4英寸 主屏材质:TFT材质 主屏分辨率:320x240像素 屏幕像素密度:167ppi SIM卡类型:双卡，SIM卡 电池容量:1400mAh 后置摄像头:30万像素,http://detail.zol.com.cn/cell_phone/index1212753.shtml,飞利浦
1203555,飞利浦E183A（移动/联通2G） ,158,主屏尺寸:2.4英寸 主屏分辨率:320x240像素 屏幕像素密度:167ppi SIM卡类型:双卡 RAM容量:32MB ROM容量:32MB 电池类型:可拆卸式电池,http://detail.zol.com.cn/cell_phone/index1203555.shtml,飞利浦
1202903,飞利浦E135X（移动/联通2G） ,288,主屏尺寸:2.4英寸 主屏分辨率:320x240像素 屏幕像素密度:167ppi SIM卡:双卡 RAM容量:32MB ROM容量:32MB 电池类型:可拆卸式电池,http://detail.zol.com.cn/cell_phone/index1202903.shtml,飞利浦
1184676,飞利浦E255（移动/联通2G） ,218,主屏尺寸:2.4英寸 主屏材质:TFT 主屏分辨率:320x240像素 屏幕像素密度:167ppi SIM卡类型:双卡，SIM卡 电池类型:可拆卸式电池 电池容量:1050mAh,http://detail.zol.com.cn/cell_phone/index1184676.shtml,飞利浦
1315697,飞利浦E207L（移动/联通2G） ,179,大按键，持久续航，语音播报,http://detail.zol.com.cn/cell_phone/index1315697.shtml,飞利浦
1258836,飞利浦E259S ,299,主屏尺寸:2.8英寸 主屏材质:TFT材质 主屏分辨率:320x240像素 CPU型号:联发科 MT6261D SIM卡类型:双卡（大卡，双卡双待单通） 电池类型:可拆卸式电池 电池容量:1300mAh,http://detail.zol.com.cn/cell_phone/index1258836.shtml,飞利浦
1212748,飞利浦E151Y（移动/联通2G） ,168,主屏尺寸:1.8英寸 主屏材质:TFT材质 主屏分辨率:320x240像素 屏幕像素密度:222ppi SIM卡类型:双卡，SIM卡 电池容量:1050mAh 后置摄像头:30万像素,http://detail.zol.com.cn/cell_phone/index1212748.shtml,飞利浦
1258853,飞利浦E107 ,129,主屏尺寸:2.4英寸 主屏材质:TFT材质 主屏分辨率:320x240像素 SIM卡类型:双卡（大卡，双卡双待单通） 电池类型:可拆卸式电池 电池容量:1450mAh 上市日期:2018年,http://detail.zol.com.cn/cell_phone/index1258853.shtml,飞利浦
1212748,飞利浦E151Y（移动/联通2G） ,168,主屏尺寸:1.8英寸 主屏材质:TFT材质 主屏分辨率:320x240像素 屏幕像素密度:222ppi SIM卡类型:双卡，SIM卡 电池容量:1050mAh 后置摄像头:30万像素,http://detail.zol.com.cn/cell_phone/index1212748.shtml,飞利浦
1202903,飞利浦E135X（移动/联通2G） ,288,主屏尺寸:2.4英寸 主屏分辨率:320x240像素 屏幕像素密度:167ppi SIM卡:双卡 RAM容量:32MB ROM容量:32MB 电池类型:可拆卸式电池,http://detail.zol.com.cn/cell_phone/index1202903.shtml,飞利浦
1316005,飞利浦E258C（电信2G） ,238,大字体，一键解锁，立体声大喇叭,http://detail.zol.com.cn/cell_phone/index1316005.shtml,飞利浦
1315697,飞利浦E207L（移动/联通2G） ,179,大按键，持久续航，语音播报,http://detail.zol.com.cn/cell_phone/index1315697.shtml,飞利浦
1167932,飞利浦E311 ,229,一键SOS呼叫，超大字体，放大镜功能，语音播报,http://detail.zol.com.cn/cell_phone/index1167932.shtml,飞利浦
1141952,飞利浦E132X ,149,主屏尺寸:2.4英寸 主屏分辨率:320x240像素 屏幕像素密度:167ppi 后置摄像头:8万像素 上市日期:2016年04月 手机类型:商务手机，老人手机 窄边框:0mm,http://detail.zol.com.cn/cell_phone/index1141952.shtml,飞利浦
1993176,飞利浦E588S ,239,高清通话，抗摔耐磨，超长待机,http://detail.zol.com.cn/cell_phone/index1993176.shtml,飞利浦
1282946,飞利浦E331K（移动/联通2G） ,199,主屏尺寸:2.4英寸 主屏材质:TFT材质 主屏分辨率:240x320像素 CPU型号:联发科 4G网络:移动TD-LTE，联通TD-LTE，联通FDD-LTE SIM卡类型:双卡，Micro SIM卡 电池类型:可拆卸式电池,http://detail.zol.com.cn/cell_phone/index1282946.shtml,飞利浦
1212640,飞利浦E186A（移动/联通2G） ,169,主屏尺寸:2.4英寸 主屏材质:TFT材质 主屏分辨率:320x240像素 屏幕像素密度:167ppi SIM卡类型:双卡，SIM卡 电池容量:1450mAh 后置摄像头:30万像素,http://detail.zol.com.cn/cell_phone/index1212640.shtml,飞利浦
1947104,飞利浦S20（4+128GB） ,569,大屏超薄，长续航，百元老人机,http://detail.zol.com.cn/cell_phone/index1947104.shtml,飞利浦
1212751,飞利浦E209J（移动/联通2G） ,139,主屏尺寸:2.4英寸 主屏材质:TFT材质 主屏分辨率:320x240像素 屏幕像素密度:167ppi SIM卡类型:双卡，SIM卡 电池容量:1600mAh 后置摄像头:30万像素,http://detail.zol.com.cn/cell_phone/index1212751.shtml,飞利浦
1184674,飞利浦E331（移动/联通2G） ,169,主屏尺寸:2.4英寸 主屏材质:TFT 主屏分辨率:320x240像素 屏幕像素密度:167ppi SIM卡类型:双卡，SIM卡 电池类型:可拆卸式电池 电池容量:1600mAh,http://detail.zol.com.cn/cell_phone/index1184674.shtml,飞利浦
1947073,飞利浦S700（4+64GB） ,599,超长续航，可用5G卡全网通，百元机备用,http://detail.zol.com.cn/cell_phone/index1947073.shtml,飞利浦
153984,飞利浦M200 ,0,外观设计:直板 手机制式:GSM 支持频段:GSM 900/1800MHz 屏幕色彩:26万色 主屏参数:176×220像素 手机类型:音乐手机 ,http://detail.zol.com.cn/cell_phone/index153984.shtml,飞利浦
94128,飞利浦9@9m ,1688,外观设计:直板 手机制式:GSM 支持频段:GSM 900/1800/1900MHz 屏幕色彩:26万色 主屏参数:176×220 像素 手机类型:时尚手机 摄像头像素:200万像素 和弦铃声:40和弦 理论待机时间:长达 1 月 ,http://detail.zol.com.cn/cell_phone/index94128.shtml,飞利浦
40287,飞利浦355 ,0,设计类型:直板 手机制式:GSM 支持频段:GSM900/1800MHz 理论通话时间:240分钟 理论待机时间:360小时 和弦铃声:和弦 数码相机像素:11万像素,http://detail.zol.com.cn/cell_phone/index40287.shtml,飞利浦
1179266,飞利浦S310X（全网通） ,599,主屏尺寸:5英寸 主屏材质:TFT材质（IPS技术） 主屏分辨率:1280x720像素 屏幕像素密度:294ppi 4G网络:移动TD-LTE，联通TD-LTE，联通FDD-LTE，电信TD-LTE，电信FDD-LTE 其他屏幕参数:2.5D弧面玻璃 SIM卡:双卡，Micro SIM卡,http://detail.zol.com.cn/cell_phone/index1179266.shtml,飞利浦
217435,飞利浦W-Cooper ,0,主屏尺寸:3.2英寸 主屏材质:TFT 主屏分辨率:432x240像素 屏幕像素密度:154ppi 网络类型:单卡双模 3G网络:GSM，WCDMA 存储卡:MicroSD卡,http://detail.zol.com.cn/cell_phone/index217435.shtml,飞利浦
67389,飞利浦9@9e ,588,外观设计:翻盖 手机制式:GSM 支持频段:GSM900/1800/1900MHz 摄像头像素:130万像素 和弦铃声:64和弦 理论待机时间:最长720小时 ,http://detail.zol.com.cn/cell_phone/index67389.shtml,飞利浦
67500,飞利浦768 ,888,外观设计:直板 手机制式:GSM 支持频段:GSM900/1800/1900MHz 摄像头像素:130万像素 和弦铃声:64和弦 理论待机时间:最多达 300小时 ,http://detail.zol.com.cn/cell_phone/index67500.shtml,飞利浦
309264,飞利浦X623 ,899,手机类型:时尚手机 上市日期:2011年 主屏尺寸:2.4英寸 外观设计:直板 主屏分辨率:320x240像素 网络类型:双卡单模 网络模式:GSM,http://detail.zol.com.cn/cell_phone/index309264.shtml,飞利浦
97160,飞利浦580 ,699,外观设计:翻盖 手机制式:GSM 支持频段:GSM900/1800MHz 和弦铃声:16和弦,http://detail.zol.com.cn/cell_phone/index97160.shtml,飞利浦
69615,飞利浦160 ,0,设计类型:直板 手机制式:GSM 支持频段:GSM900/1800MHz 理论通话时间:360分钟 理论待机时间:460小时 和弦铃声:16和弦,http://detail.zol.com.cn/cell_phone/index69615.shtml,飞利浦
39797,飞利浦SED X505 ,0,450小时待机时间,http://detail.zol.com.cn/cell_phone/index39797.shtml,飞利浦
39868,飞利浦855 ,0,设计类型:翻盖 手机制式:GSM 支持频段:GSM900/1800/1900MHz 理论通话时间:240分钟 理论待机时间:400小时 和弦铃声:32和弦 数码相机像素:30万像素,http://detail.zol.com.cn/cell_phone/index39868.shtml,飞利浦
39896,飞利浦550 ,0,65K色手写屏/32和弦铃声,http://detail.zol.com.cn/cell_phone/index39896.shtml,飞利浦
39897,飞利浦755 ,0,设计类型:直板 手机制式:GSM 支持频段:GSM900/1800/1900MHz 理论通话时间:300分钟 理论待机时间:250小时 和弦铃声:32和弦 数码相机像素:30万像素,http://detail.zol.com.cn/cell_phone/index39897.shtml,飞利浦
1102076,飞利浦S616（移动4G） ,599,主屏尺寸:5.5英寸 主屏材质:TFT材质（IPS技术） 主屏分辨率:1920x1080像素 屏幕像素密度:401ppi 4G网络:移动TD-LTE 其他屏幕参数:SoftBlue技术“舒视蓝”屏幕 SIM卡:双卡，Micro SIM卡,http://detail.zol.com.cn/cell_phone/index1102076.shtml,飞利浦
341587,飞利浦W737 ,800,手机类型:3G手机，智能手机，商务手机 上市日期:2012年 外观设计:直板 主屏尺寸:4.3英寸 触摸屏:电容屏，多点触控 主屏分辨率:960x540像素 网络类型:双卡双模,http://detail.zol.com.cn/cell_phone/index341587.shtml,飞利浦
248633,飞利浦T910（移动版） ,500,上市日期:2010年07月 手机类型:3G手机，拍照手机，商务手机，电视手机 外观设计:直板 主屏尺寸:3.5英寸 触摸屏:电阻屏，单点触控 主屏分辨率:480x320像素 网络模式:GSM，TD-SCDMA,http://detail.zol.com.cn/cell_phone/index248633.shtml,飞利浦
312654,飞利浦W632 ,449,主屏尺寸:3.8英寸 主屏材质:TFT 主屏分辨率:800x480像素 屏幕像素密度:246ppi 网络类型:双卡 操作系统:Android OS 2.3 核心数:单核,http://detail.zol.com.cn/cell_phone/index312654.shtml,飞利浦
372761,飞利浦X3560 ,330,主屏尺寸:2.2英寸 主屏材质:TFT 主屏分辨率:220x176像素 屏幕像素密度:128ppi 网络类型:双卡 RAM容量:8MB ROM容量:32MB,http://detail.zol.com.cn/cell_phone/index372761.shtml,飞利浦
158548,飞利浦X500 ,660,外观设计:直板 手机制式:GSM 支持频段:GSM 900/1800/1900MHz 屏幕色彩:26万色 主屏参数:176×220像素 手机类型:音乐手机 摄像头像素:130万像素,http://detail.zol.com.cn/cell_phone/index158548.shtml,飞利浦
157447,飞利浦X300 ,300,外观设计:直板 手机制式:GSM 支持频段:GSM 900/1800MHz 屏幕色彩:65536色 主屏参数:128×160像素 手机类型:时尚手机 摄像头像素:30万像素 理论待机时间:750小时,http://detail.zol.com.cn/cell_phone/index157447.shtml,飞利浦
1269219,飞利浦E279（移动联通2G） ,149,按键手机，老人手机,http://detail.zol.com.cn/cell_phone/index1269219.shtml,飞利浦
399403,飞利浦E310 ,279,主屏尺寸:2.4英寸 主屏材质:TN 主屏分辨率:320x240像素 屏幕像素密度:167ppi 网络类型:双卡 3G网络:GSM CPU型号:MTK6260A,http://detail.zol.com.cn/cell_phone/index399403.shtml,飞利浦
160791,飞利浦E100 ,390,外观设计:直板 手机制式:GSM 支持频段:GSM 900/1800MHz 屏幕色彩:65536色 主屏参数:128×160像素 手机类型:时尚手机 理论待机时间:500小时,http://detail.zol.com.cn/cell_phone/index160791.shtml,飞利浦
1176588,飞利浦X598（全网通） ,899,主屏尺寸:5.5英寸 主屏材质:TFT材质（IPS技术） 出厂系统内核:Android 7.0 主屏分辨率:1920x1080像素 屏幕像素密度:401ppi 4G网络:移动TD-LTE，联通TD-LTE，联通FDD-LTE，电信TD-LTE，电信FDD-LTE 其他屏幕参数:屏幕色彩：1600万色,http://detail.zol.com.cn/cell_phone/index1176588.shtml,飞利浦
1146957,飞利浦E266W（双4G） ,260,主屏尺寸:3.5英寸 主屏分辨率:480x320像素 屏幕像素密度:165ppi 网络类型:双卡，双4G 4G网络:移动TD-LTE，联通TD-LTE，联通FDD-LTE 操作系统:Android OS 5.1 核心数:四核,http://detail.zol.com.cn/cell_phone/index1146957.shtml,飞利浦
1099980,飞利浦E380 ,359,主屏尺寸:3.27英寸 主屏材质:TFT材质（IPS技术） 主屏分辨率:480x320像素 屏幕像素密度:176ppi 网络类型:双卡 CPU型号:联发科 MT6260A RAM容量:64MB,http://detail.zol.com.cn/cell_phone/index1099980.shtml,飞利浦
277490,飞利浦X325 ,450,上市日期:2011年03月 手机类型:时尚手机 外观设计:直板 主屏尺寸:2.4英寸 主屏分辨率:320x240像素 网络模式:GSM 电池容量:1150mAh,http://detail.zol.com.cn/cell_phone/index277490.shtml,飞利浦
34517,飞利浦350 ,0,设计类型:直板 手机制式:GSM 支持频段:GSM900/1800/1900MHz 和弦铃声:32和弦 数码相机像素:30万像素,http://detail.zol.com.cn/cell_phone/index34517.shtml,飞利浦
366517,飞利浦T3500 ,699,运营商定制:中国移动 主屏尺寸:5英寸 主屏材质:TFT 主屏分辨率:854x480像素 屏幕像素密度:196ppi 3G网络:移动3G（TD-SCDMA），联通2G/移动2G（GSM） 操作系统:Android OS 4.2,http://detail.zol.com.cn/cell_phone/index366517.shtml,飞利浦
38836,飞利浦639 ,0,设计类型:翻盖 手机制式:GSM 支持频段:GSM900/1800MHz 理论通话时间:240分钟 理论待机时间:400小时 和弦铃声:32和弦 数码相机像素:31万像素,http://detail.zol.com.cn/cell_phone/index38836.shtml,飞利浦
38837,飞利浦535 ,0,设计类型:直板 手机制式:GSM 支持频段:GSM900/1800MHz 理论通话时间:300分钟 和弦铃声:32和弦 数码相机像素:30万像素,http://detail.zol.com.cn/cell_phone/index38837.shtml,飞利浦
103113,飞利浦598 ,850,外观设计:翻盖 手机制式:GSM 支持频段:GSM900/1800/1900MHz 摄像头像素:130万像素 和弦铃声:64和弦 ,http://detail.zol.com.cn/cell_phone/index103113.shtml,飞利浦
394185,飞利浦S316（双4G） ,489,主屏尺寸:5英寸 主屏材质:LCD 主屏分辨率:854x480像素 屏幕像素密度:196ppi 网络类型:双卡 4G网络:移动TD-LTE，联通TD-LTE，联通FDD-LTE 3G网络:联通3G（WCDMA），移动3G（TD-SCDMA），联通2G/移动2G（GSM）,http://detail.zol.com.cn/cell_phone/index394185.shtml,飞利浦
394186,飞利浦S356T（双4G） ,499,主屏尺寸:5英寸 主屏材质:LCD 主屏分辨率:1280x720像素 屏幕像素密度:294ppi 网络类型:双卡，双4G 4G网络:移动TD-LTE，联通TD-LTE，联通FDD-LTE 操作系统:Android OS 4.4,http://detail.zol.com.cn/cell_phone/index394186.shtml,飞利浦
367866,飞利浦T8566（移动版） ,1499,移动3G网络，向下兼容联通/移动2G网络,http://detail.zol.com.cn/cell_phone/index367866.shtml,飞利浦
125547,飞利浦298 ,550,外观设计:直板 手机制式:GSM 支持频段:GSM 900/1800MHz 主屏参数:240×320像素 手机类型:时尚手机 理论待机时间:220小时,http://detail.zol.com.cn/cell_phone/index125547.shtml,飞利浦
125549,飞利浦692 ,599,外观设计:滑盖 手机制式:GSM 支持频段:GSM 900/1800MHz 屏幕色彩:26万色 主屏参数:240×320像素 手机类型:时尚手机 摄像头像素:130万像素 和弦铃声:和弦 理论待机时间:360 小时,http://detail.zol.com.cn/cell_phone/index125549.shtml,飞利浦
125550,飞利浦9@9k ,750,外观设计:直板 手机制式:GSM 主屏参数:240×320像素 手机类型:时尚手机 和弦铃声:和弦 理论待机时间:1440 小时,http://detail.zol.com.cn/cell_phone/index125550.shtml,飞利浦
393530,飞利浦V989（双4G） ,1366,双触屏翻盖商务旗舰机，移动/联通双4G网络，64位联发科处理器，支持一键节电功能,http://detail.zol.com.cn/cell_phone/index393530.shtml,飞利浦
307022,飞利浦W626 ,299,手机类型:3G手机，智能手机，商务手机 曝光日期:2011年 主屏尺寸:3.5英寸 外观设计:直板 触摸屏:电容屏，多点触控 主屏分辨率:480x320像素 网络类型:双卡双模,http://detail.zol.com.cn/cell_phone/index307022.shtml,飞利浦
308929,飞利浦T129（移动版） ,299,上市日期:2011年 手机类型:3G手机 外观设计:直板 主屏尺寸:2.4英寸 主屏分辨率:320x240像素 网络模式:GSM，TD-SCDMA 机身内存:256MB RAM,http://detail.zol.com.cn/cell_phone/index308929.shtml,飞利浦
126260,飞利浦S399 ,920,主屏尺寸:0英寸 主屏材质:TFT 主屏分辨率:240×320像素 3G网络:GSM 存储卡:microSD卡 后置摄像头像素:130万像素 曝光日期:2007年09月,http://detail.zol.com.cn/cell_phone/index126260.shtml,飞利浦
1099075,飞利浦V526（双4G） ,695,主屏尺寸:5英寸 主屏材质:TFT材质 主屏分辨率:1280x720像素 屏幕像素密度:294ppi 网络类型:双卡，双4G 4G网络:移动TD-LTE，联通TD-LTE，联通FDD-LTE 操作系统:Android OS 5.1,http://detail.zol.com.cn/cell_phone/index1099075.shtml,飞利浦
61422,飞利浦Xenium 9@9i ,1299,外观设计:翻盖 手机制式:GSM 支持频段:GSM900/1800/1900MHz 摄像头像素:130万像素 和弦铃声:64和弦 理论待机时间:850小时 ,http://detail.zol.com.cn/cell_phone/index61422.shtml,飞利浦
61569,飞利浦362 ,880,外观设计:直板 手机制式:GSM 支持频段:GSM900/1800MHz 摄像头像素:30万像素 和弦铃声:16和弦 理论待机时间:长达 400 小时 ,http://detail.zol.com.cn/cell_phone/index61569.shtml,飞利浦
91730,飞利浦180 ,380,外观设计:直板 手机制式:GSM 支持频段:GSM900/1800MHz 和弦铃声:16和弦 理论待机时间:600小时 ,http://detail.zol.com.cn/cell_phone/index91730.shtml,飞利浦
363334,飞利浦W9588 ,3450,主屏尺寸:3.5英寸 主屏材质:IPS 主屏分辨率:800x480像素 网络类型:双卡双模 网络模式:联通3G（WCDMA），联通2G/移动2G（GSM） 操作系统:Android OS 4.2 核心数:四核,http://detail.zol.com.cn/cell_phone/index363334.shtml,飞利浦
363336,飞利浦W8568（联通版） ,799,联通3G网络，向下兼容联通/移动2G网络,http://detail.zol.com.cn/cell_phone/index363336.shtml,飞利浦
308770,飞利浦W635 ,339,主屏尺寸:4英寸 主屏分辨率:480x800像素 网络类型:双卡 操作系统:Android 核心数:单核 CPU型号:高通 骁龙Snapdragon MSM7227A CPU频率:1.0GHz,http://detail.zol.com.cn/cell_phone/index308770.shtml,飞利浦
391731,飞利浦E160 ,199,主屏尺寸:2.4英寸 主屏材质:TFT 主屏分辨率:320x240像素 屏幕像素密度:167ppi 网络类型:双卡 ROM容量:64MB 存储卡:MicroSD卡,http://detail.zol.com.cn/cell_phone/index391731.shtml,飞利浦
336117,飞利浦W536 ,550,主屏尺寸:4英寸 主屏分辨率:800x480像素 屏幕像素密度:233ppi 3G网络:联通3G（WCDMA），联通2G/移动2G（GSM） 操作系统:Android OS 4.0 核心数:双核 CPU频率:1024MHz,http://detail.zol.com.cn/cell_phone/index336117.shtml,飞利浦
215519,飞利浦D908（电信版） ,500,手机类型:智能手机，商务手机，音乐手机，拍照手机 上市日期:2009年 主屏尺寸:3.2英寸 外观设计:直板 触摸屏:支持 主屏分辨率:800x480像素 网络类型:双卡双模,http://detail.zol.com.cn/cell_phone/index215519.shtml,飞利浦
394802,飞利浦E121 ,130,主屏尺寸:1.77英寸 主屏材质:TFT 主屏分辨率:160x128像素 屏幕像素密度:116ppi 网络类型:双卡 ROM容量:32MB 电池类型:可拆卸式电池,http://detail.zol.com.cn/cell_phone/index394802.shtml,飞利浦
308382,飞利浦X528 ,900,手机类型:时尚手机 上市日期:2011年 外观设计:直板 主屏尺寸:2.6英寸 主屏分辨率:320x240像素 网络类型:双卡单模 网络模式:GSM,http://detail.zol.com.cn/cell_phone/index308382.shtml,飞利浦
125707,飞利浦699 ,1369,外观设计:直板 手机制式:GSM 摄像头像素:130万像素,http://detail.zol.com.cn/cell_phone/index125707.shtml,飞利浦
125983,飞利浦892 ,630,外观设计:直板 手机制式:GSM 支持频段:GSM 900/1800MHz 屏幕色彩:26万色 主屏参数:240×320像素 手机类型:音乐手机；拍照手机 摄像头像素:200万像素 和弦铃声:64和弦 理论待机时间:300小时,http://detail.zol.com.cn/cell_phone/index125983.shtml,飞利浦
338083,飞利浦T539（移动版） ,600,上市日期:2012年 手机类型:3G手机，智能手机 主屏尺寸:4.3英寸 外观设计:直板 触摸屏:电容屏，多点触控 主屏分辨率:800x480像素 网络类型:单卡双模,http://detail.zol.com.cn/cell_phone/index338083.shtml,飞利浦
1207031,飞利浦S626L（全网通） ,699,主屏尺寸:6英寸 操作系统:Android 主屏材质:TFT材质 主屏分辨率:1920x1080像素 屏幕像素密度:367ppi 4G网络:移动TD-LTE，联通TD-LTE，联通FDD-LTE，电信TD-LTE，电信FDD-LTE CPU频率:1.5GHz,http://detail.zol.com.cn/cell_phone/index1207031.shtml,飞利浦
1145878,飞利浦S226M（移动4G） ,399,主屏尺寸:5英寸 主屏分辨率:800x480像素 屏幕像素密度:187ppi 4G网络:移动TD-LTE SIM卡:双卡 操作系统:Android 核心数:四核,http://detail.zol.com.cn/cell_phone/index1145878.shtml,飞利浦
128523,飞利浦S390 ,899,外观设计:滑盖 手机制式:GSM 支持频段:GSM850/900/1800MHz 屏幕色彩:26万色 主屏参数:176×220像素 摄像头像素:130万像素 和弦铃声:64和弦 理论待机时间:210小时 ,http://detail.zol.com.cn/cell_phone/index128523.shtml,飞利浦
128526,飞利浦392 ,450,外观设计:直板 手机制式:GSM 支持频段:GSM 900/1800MHz 屏幕色彩:26万色 主屏参数:240×320像素 摄像头像素:130万像素 和弦铃声:64和弦 理论待机时间:655小时,http://detail.zol.com.cn/cell_phone/index128526.shtml,飞利浦
98807,飞利浦9@9f ,538,外观设计:直板 手机制式:GSM 支持频段:GSM900/1800MHz 和弦铃声:64和弦 理论待机时间:长达 1 月 ,http://detail.zol.com.cn/cell_phone/index98807.shtml,飞利浦
98845,飞利浦390 ,845,外观设计:滑盖 手机制式:GSM 支持频段:GSM 900/1800MHz 屏幕色彩:26万色 主屏参数:176×220像素 手机类型:时尚手机 摄像头像素:130万像素 和弦铃声:64和弦 理论待机时间:长达250小时 ,http://detail.zol.com.cn/cell_phone/index98845.shtml,飞利浦
32219,飞利浦530 ,0,设计类型:直板 手机制式:GSM 支持频段:GSM900/1800 dfdfdMHz 通话时间:360分钟 待机时间:300小时 和弦铃声:32和弦 数码相机像素:30万像素,http://detail.zol.com.cn/cell_phone/index32219.shtml,飞利浦
1142145,飞利浦S653H（全网通） ,1499,主屏尺寸:5.5英寸 主屏分辨率:1920x1080像素 屏幕像素密度:401ppi 4G网络:移动TD-LTE，联通TD-LTE，联通FDD-LTE，电信TD-LTE，电信FDD-LTE SIM卡:双卡，Nano SIM卡 操作系统:Android 6.0 核心数:真八核,http://detail.zol.com.cn/cell_phone/index1142145.shtml,飞利浦
334919,飞利浦W6350 ,799,主屏尺寸:3.97英寸 主屏材质:TFT 主屏分辨率:800x480像素 屏幕像素密度:235ppi 网络类型:双卡 3G网络:联通3G（WCDMA），联通2G/移动2G（GSM） 操作系统:Android OS 2.3,http://detail.zol.com.cn/cell_phone/index334919.shtml,飞利浦
152973,飞利浦X600 ,900,外观设计:翻盖 手机制式:GSM 支持频段:GSM 900/1800/1900MHz 主屏参数:176×220像素 手机类型:时尚手机 摄像头像素:200万像素 理论待机时间:1440小时,http://detail.zol.com.cn/cell_phone/index152973.shtml,飞利浦
93368,飞利浦S220 ,590,外观设计:直板 手机制式:GSM 支持频段:GSM900/1800MHz 和弦铃声:16和弦 理论待机时间:300小时 ,http://detail.zol.com.cn/cell_phone/index93368.shtml,飞利浦
182942,飞利浦X530 ,810,外观设计:翻盖 手机制式:GSM 支持频段:GSM 900/1800/1900MHz 屏幕色彩:26万色 主屏参数:240×320像素 手机类型:时尚手机 摄像头像素:200万像素 理论待机时间:720小时,http://detail.zol.com.cn/cell_phone/index182942.shtml,飞利浦
364128,飞利浦W8578 ,920,主屏尺寸:3.5英寸 主屏材质:TFT 主屏分辨率:800x480像素 屏幕像素密度:267ppi 网络类型:双卡 RAM容量:256MB ROM容量:512MB,http://detail.zol.com.cn/cell_phone/index364128.shtml,飞利浦
214453,飞利浦C702 ,639,外观设计:直板 手机制式:CDMA， 支持频段:CDMA1X 800/1900MHz 屏幕色彩:26万色 主屏参数:240×320像素 手机类型:时尚手机 摄像头像素:130万像素 理论待机时间:100小时,http://detail.zol.com.cn/cell_phone/index214453.shtml,飞利浦
214726,飞利浦C700 ,550,手机类型:拍照手机，时尚手机 上市日期:2009年09月 外观设计:直板 触摸屏:支持 主屏分辨率:240×320像素 网络模式:GSM，CDMA 输入方式:手写,http://detail.zol.com.cn/cell_phone/index214726.shtml,飞利浦
393674,飞利浦E320 ,438,主屏尺寸:2.6英寸 主屏分辨率:320x240像素 屏幕像素密度:154ppi 网络类型:双卡 3G网络:GSM CPU型号:展讯 SC6531C RAM容量:64Mb,http://detail.zol.com.cn/cell_phone/index393674.shtml,飞利浦
337474,飞利浦W832 ,899,主屏尺寸:4.5英寸 主屏材质:TFT 主屏分辨率:960x540像素 屏幕像素密度:245ppi 网络类型:双卡 操作系统:Android OS 4.0 核心数:双核,http://detail.zol.com.cn/cell_phone/index337474.shtml,飞利浦
337477,飞利浦W736（联通3G） ,1299,主屏尺寸:4英寸 主屏材质:TFT 主屏分辨率:800x480像素 网络类型:双卡 3G网络:联通3G（WCDMA），联通2G/移动2G（GSM） 操作系统:Android OS 4.0 存储卡:MicroSD卡,http://detail.zol.com.cn/cell_phone/index337477.shtml,飞利浦
376659,飞利浦S308 ,699,主屏尺寸:4英寸 主屏分辨率:800x480像素 屏幕像素密度:233ppi 3G网络:联通3G（WCDMA），联通2G/移动2G（GSM） 操作系统:Android OS 4.2 核心数:双核 CPU型号:联发科 MT6572M,http://detail.zol.com.cn/cell_phone/index376659.shtml,飞利浦
376670,飞利浦W3509 ,700,主屏尺寸:5英寸 主屏材质:TFT材质 主屏分辨率:960x540像素 屏幕像素密度:220ppi 网络类型:双卡 操作系统:Android OS 4.2 核心数:四核,http://detail.zol.com.cn/cell_phone/index376670.shtml,飞利浦
376901,飞利浦E130 ,159,主屏尺寸:1.8英寸 主屏材质:TFT 主屏分辨率:160x128像素 屏幕像素密度:114ppi 网络类型:双卡 电池类型:可拆卸式电池 电池容量:800mAh,http://detail.zol.com.cn/cell_phone/index376901.shtml,飞利浦
164392,飞利浦X700 ,853,外观设计:翻盖 手机制式:GSM 支持频段:GSM 850/900/1800/1900MHz 屏幕色彩:26万色 主屏参数:240×320像素 手机类型:时尚手机 摄像头像素:320万像素 理论待机时间:720小时,http://detail.zol.com.cn/cell_phone/index164392.shtml,飞利浦
284227,飞利浦X526 ,750,上市日期:2011年04月 手机类型:时尚手机 外观设计:翻盖 主屏尺寸:2.8英寸 主屏分辨率:320x240像素 网络模式:GSM 机身内存:1MB,http://detail.zol.com.cn/cell_phone/index284227.shtml,飞利浦
1153206,飞利浦X818（全网通） ,599,主屏尺寸:5.5英寸 主屏分辨率:1920x1080像素 网络类型:全网通 4G网络:移动TD-LTE，联通TD-LTE，联通FDD-LTE，电信TD-LTE，电信FDD-LTE 操作系统:Android OS 6.0 CPU型号:联发科 Helio P10 RAM容量:3GB,http://detail.zol.com.cn/cell_phone/index1153206.shtml,飞利浦
192728,飞利浦193 ,0,外观设计:直板 手机制式:GSM 支持频段:GSM 900/1800MHz 主屏参数:128×128像素 和弦铃声:16和弦 理论待机时间:240小时,http://detail.zol.com.cn/cell_phone/index192728.shtml,飞利浦
162243,飞利浦X710 ,520,外观设计:直板 手机制式:双卡双待 支持频段:GSM 900/1800MHz 屏幕色彩:26万色 主屏参数:240×320像素 手机类型:时尚手机 摄像头像素:300万像素 理论待机时间:720小时,http://detail.zol.com.cn/cell_phone/index162243.shtml,飞利浦
162307,飞利浦E210 ,398,外观设计:直板 手机制式:GSM 支持频段:GSM 900/1800MHz 屏幕色彩:65536色 主屏参数:128×160像素 手机类型:时尚手机 摄像头像素:30万像素,http://detail.zol.com.cn/cell_phone/index162307.shtml,飞利浦
137163,飞利浦Xenium 9@9j ,599,外观设计:直板 手机制式:GSM 屏幕色彩:26万色 主屏参数:176×220像素 摄像头像素:130万像素 ,http://detail.zol.com.cn/cell_phone/index137163.shtml,飞利浦
381451,飞利浦S388 ,750,主屏尺寸:4.5英寸 主屏材质:TFT材质（IPS技术） 主屏分辨率:960x540像素 屏幕像素密度:245ppi 网络类型:双卡 3G网络:联通3G（WCDMA），联通2G/移动2G（GSM） 操作系统:Android OS 4.2,http://detail.zol.com.cn/cell_phone/index381451.shtml,飞利浦
381539,飞利浦V8526 ,799,主屏尺寸:5英寸 主屏材质:TFT材质（IPS技术） 主屏分辨率:960x540像素 屏幕像素密度:220ppi 网络类型:双卡 3G网络:移动3G（TD-SCDMA），联通3G（WCDMA），联通2G/移动2G（GSM） 操作系统:Android OS 4.2,http://detail.zol.com.cn/cell_phone/index381539.shtml,飞利浦
136676,飞利浦192 ,399,外观设计:直板 手机制式:GSM 支持频段:GSM900/1800MHz 屏幕色彩:65536色 主屏参数:128×128 像素 手机类型:时尚手机 和弦铃声:16和弦 理论待机时间:长达240小时 ,http://detail.zol.com.cn/cell_phone/index136676.shtml,飞利浦
257901,飞利浦X713 ,299,上市日期:2010年09月 手机类型:时尚手机 外观设计:直板 主屏尺寸:3.2英寸 主屏分辨率:240×400像素 网络模式:GSM GPS导航:支持A-GPS,http://detail.zol.com.cn/cell_phone/index257901.shtml,飞利浦
258023,飞利浦V816 ,550,上市日期:2010年09月 手机类型:智能手机，拍照手机 外观设计:直板 主屏尺寸:3.2英寸 主屏分辨率:480×800像素 网络模式:GSM 操作系统:Windows Mobile 6.5 Professional,http://detail.zol.com.cn/cell_phone/index258023.shtml,飞利浦
405471,飞利浦X1561 ,299,主屏尺寸:2.4英寸 主屏材质:TFT材质 主屏分辨率:320x240像素 屏幕像素密度:167ppi 网络类型:双卡 CPU型号:联发科 MT6260A RAM容量:64MB,http://detail.zol.com.cn/cell_phone/index405471.shtml,飞利浦
105870,飞利浦9@9g ,588,外观设计:直板 手机制式:GSM 支持频段:GSM 900/1800/1900MHz 屏幕色彩:26万色 主屏参数:128×160 像素 摄像头像素:130万像素 和弦铃声:64和弦 理论待机时间:长达 1 月 ,http://detail.zol.com.cn/cell_phone/index105870.shtml,飞利浦
17758,飞利浦9660 ,0,GSM 900/1800MHz/240-300分钟通话时间/120-230小时待机时间,http://detail.zol.com.cn/cell_phone/index17758.shtml,飞利浦
17761,飞利浦318 ,0,GSM 900/1800MHz/270分钟通话时间/400小时待机时间,http://detail.zol.com.cn/cell_phone/index17761.shtml,飞利浦
17762,飞利浦313 ,0,GSM 900/1800MHz/270分钟通话时间/400小时待机时间,http://detail.zol.com.cn/cell_phone/index17762.shtml,飞利浦
17764,飞利浦288 ,0,GSM 900/1800MHz/240分钟通话时间/350小时待机时间,http://detail.zol.com.cn/cell_phone/index17764.shtml,飞利浦
17769,飞利浦218 ,0,GSM 900/1800MHz/240分钟通话时间/350小时待机时间,http://detail.zol.com.cn/cell_phone/index17769.shtml,飞利浦
226774,飞利浦X605 ,600,外观设计:滑盖 手机制式:GSM 支持频段:GSM 900/1800/1900MHz 屏幕色彩:26万色 主屏参数:240×400像素 手机类型:时尚手机 摄像头像素:300万像素 理论待机时间:720小时,http://detail.zol.com.cn/cell_phone/index226774.shtml,飞利浦
46707,飞利浦636 ,0,设计类型:翻盖 手机制式:GSM 支持频段:GSM900/1800MHzMHz 理论通话时间:240分钟 理论待机时间:400小时 和弦铃声:32和弦 数码相机像素:30万像素,http://detail.zol.com.cn/cell_phone/index46707.shtml,飞利浦
197377,飞利浦W186 ,820,上市日期:2009年 手机类型:3G手机，时尚手机 外观设计:直板 主屏尺寸:2英寸 主屏分辨率:240x320像素 网络模式:GSM，WCDMA 机身内存:1024MB ROM+512MB RAM,http://detail.zol.com.cn/cell_phone/index197377.shtml,飞利浦
135807,飞利浦9@9u ,723,外观设计:直板 手机制式:GSM 支持频段:GSM 850/900/1800/1900MHz 屏幕色彩:26万色 主屏参数:176×220像素 手机类型:时尚手机 摄像头像素:200万像素 和弦铃声:64和弦 理论待机时间:720 小时，最长 1 个月待机时间,http://detail.zol.com.cn/cell_phone/index135807.shtml,飞利浦
193896,飞利浦X830 ,800,外观设计:直板 手机制式:GSM 支持频段:GSM 850/900/1800/1900MHz 屏幕色彩:26万色 主屏参数:240×400像素 手机类型:拍照手机 摄像头像素:500万像素 理论待机时间:45天,http://detail.zol.com.cn/cell_phone/index193896.shtml,飞利浦
194069,飞利浦X550 ,799,外观设计:直板 手机制式:GSM 支持频段:GSM 900/1800/1900MHz 屏幕色彩:26万色 主屏参数:240×320像素 手机类型:时尚手机 摄像头像素:320万像素 和弦铃声:和弦 理论待机时间:30天,http://detail.zol.com.cn/cell_phone/index194069.shtml,飞利浦
376282,飞利浦W3550 ,750,主屏尺寸:5.5英寸 主屏材质:TFT材质（IPS技术） 主屏分辨率:960x540像素 屏幕像素密度:200ppi 网络类型:双卡双通 3G网络:联通3G（WCDMA），联通2G/移动2G（GSM） 操作系统:Android OS 4.2,http://detail.zol.com.cn/cell_phone/index376282.shtml,飞利浦
376313,飞利浦W6618 ,1000,主屏尺寸:5英寸 主屏材质:TFT材质（IPS技术） 主屏分辨率:960x540像素 屏幕像素密度:220ppi 网络类型:双卡 3G网络:联通3G（WCDMA），联通2G/移动2G（GSM） 操作系统:Android OS 4.2,http://detail.zol.com.cn/cell_phone/index376313.shtml,飞利浦
165484,飞利浦X620 ,807,外观设计:直板 手机制式:GSM 支持频段:GSM 850/900/1800/1900MHz 屏幕色彩:26万色 主屏参数:240×320像素 手机类型:商务手机 摄像头像素:320万像素 理论待机时间:1200小时,http://detail.zol.com.cn/cell_phone/index165484.shtml,飞利浦
227001,飞利浦D900（电信版） ,700,不过今天要介绍给大家的机器，不仅弥补了刚刚所述V808的种种遗憾，而且采用了纯正的智能操作系统。为了更加突出网络应用优势，机器还走了定制路线，可以说是软硬兼备。下面就让我们一同走进今天的评测室，看看这款依然来自飞利浦的C网EVDO机型D900。相比V808，机身的长度明显缩短，但也许正是由于长度的压缩，使得手机的厚度有所增加。也就是说拿在手中大小合适，但操作的时候拇指会比较辛苦。,http://detail.zol.com.cn/cell_phone/index227001.shtml,飞利浦
257419,飞利浦D812（电信版） ,550,上市日期:2010年09月 手机类型:3G手机，商务手机 外观设计:直板 主屏尺寸:3.2英寸 触摸屏:支持 主屏分辨率:400x240像素 网络模式:GSM，CDMA2000,http://detail.zol.com.cn/cell_phone/index257419.shtml,飞利浦
225846,飞利浦X606 ,1030,飞利浦X606采用翻盖造型，通体粉色显然是专攻女性消费群体。并且最炫目的，就是它上翻盖的渐亮花纹，也是刚刚提到的“倾慕”精神的体现。为了不破坏整体营造的素雅分为，飞利浦X606的机身设计也是以简约为主。左侧是miniUSB接口，右侧是音量调节与相机快门。此外再无其它按键，并且周身同样是金属粉喷漆，和谐一致。不过不得不指出的是，飞利浦X606虽然因为具有大屏优势，也确实有比较宽大的键面，但是按键手感实在有点欠缺。,http://detail.zol.com.cn/cell_phone/index225846.shtml,飞利浦
46008,飞利浦9@9c ,999,外观设计:翻盖 手机制式:GSM 支持频段:GSM900/1800/1900MHz 摄像头像素:30万像素 和弦铃声:32和弦 理论待机时间:720小时 ,http://detail.zol.com.cn/cell_phone/index46008.shtml,飞利浦
196925,飞利浦X630 ,750,外观设计:直板 手机制式:GSM 支持频段:GSM 900/1800MHz 屏幕色彩:26万色 主屏参数:240×320像素 手机类型:商务手机 摄像头像素:320万像素 理论待机时间:1200小时,http://detail.zol.com.cn/cell_phone/index196925.shtml,飞利浦
1184880,飞利浦E316（移动/联通2G） ,299,主屏尺寸:2.8英寸 主屏材质:TFT材质 主屏分辨率:320x240像素 屏幕像素密度:143ppi SIM卡:双卡，SIM卡 CPU型号:展讯 SC6531CA RAM容量:64MB,http://detail.zol.com.cn/cell_phone/index1184880.shtml,飞利浦
1155021,飞利浦X586（全网通） ,998,主屏尺寸:5英寸 主屏材质:IPS 出厂系统内核:Android 5.1 主屏分辨率:1280x720像素 屏幕像素密度:294ppi CPU型号:联发科 MT6735P 4G网络:移动TD-LTE，联通TD-LTE，联通FDD-LTE，电信TD-LTE，电信FDD-LTE,http://detail.zol.com.cn/cell_phone/index1155021.shtml,飞利浦
17803,飞利浦168 ,0,GSM 900/1800MHz/120-240分钟通话时间/100-220小时待机时间,http://detail.zol.com.cn/cell_phone/index17803.shtml,飞利浦
17805,飞利浦188 ,0,GSM 900MHz/120-240分钟通话时间/120-200小时待机时间,http://detail.zol.com.cn/cell_phone/index17805.shtml,飞利浦
17808,飞利浦988 ,0,GSM 900/1800MHz/120-240分钟通话时间/150-230小时待机时间,http://detail.zol.com.cn/cell_phone/index17808.shtml,飞利浦
17809,飞利浦989 ,0,GSM 900/1800MHz/180-300分钟通话时间/200-500小时待机时间,http://detail.zol.com.cn/cell_phone/index17809.shtml,飞利浦
17812,飞利浦969 ,0,GSM 900/1800MHz/180-230分钟通话时间/180-250小时待机时间,http://detail.zol.com.cn/cell_phone/index17812.shtml,飞利浦
17816,飞利浦939 ,0,GSM 900MHz/225-345分钟通话时间/225-375小时待机时间,http://detail.zol.com.cn/cell_phone/index17816.shtml,飞利浦
17819,飞利浦929 ,0,GSM 900Hz/150-230分钟通话时间/150-250小时待机时间,http://detail.zol.com.cn/cell_phone/index17819.shtml,飞利浦
17822,飞利浦898+ ,0,GSM 900/1800MHz/240-300分钟通话时间/330小时待机时间,http://detail.zol.com.cn/cell_phone/index17822.shtml,飞利浦
17824,飞利浦898 ,0,GSM 900/1800MHz/90-120分钟通话时间/60-130小时待机时间,http://detail.zol.com.cn/cell_phone/index17824.shtml,飞利浦
17826,飞利浦828C ,0,GSM 900MHz/60-90分钟通话时间/50-100小时待机时间,http://detail.zol.com.cn/cell_phone/index17826.shtml,飞利浦
17829,飞利浦128/138 ,0,GSM 900MHz/120-240分钟通话时间/130-250小时待机时间,http://detail.zol.com.cn/cell_phone/index17829.shtml,飞利浦
82023,飞利浦680 ,1199,外观设计:翻盖 手机制式:GSM 支持频段:GSM900/1800/1900MHz 摄像头像素:130万像素 和弦铃声:64和弦 理论待机时间:340 小时 ,http://detail.zol.com.cn/cell_phone/index82023.shtml,飞利浦
385831,飞利浦S399（移动4G） ,615,主屏尺寸:5英寸 主屏材质:TFT材质（IPS技术） 主屏分辨率:1280x720像素 屏幕像素密度:294ppi 网络类型:单卡 4G网络:移动TD-LTE 3G网络:移动3G（TD-SCDMA），联通2G/移动2G（GSM）,http://detail.zol.com.cn/cell_phone/index385831.shtml,飞利浦
112577,飞利浦292 ,880,外观设计:直板 网络模式:GSM 支持频段:GSM 900/1800MHz 主屏色彩:26万色 主屏分辨率:176×220像素 手机类型:音乐手机 摄像头像素:30万像素 理论待机时间:240小时,http://detail.zol.com.cn/cell_phone/index112577.shtml,飞利浦
30953,飞利浦9@9++ ,0,手机制式:GSM 支持频段:GSM900/1800MHz 通话时间:210-438分钟 待机时间:250-750小时 和弦铃声:非和弦,http://detail.zol.com.cn/cell_phone/index30953.shtml,飞利浦
30954,飞利浦630 ,0,手机制式:GSM 支持频段:GSM900/1800MHz 通话时间:165分钟 待机时间:100-400小时 和弦铃声:32和弦,http://detail.zol.com.cn/cell_phone/index30954.shtml,飞利浦
30957,飞利浦330 ,0,手机制式:GSM 支持频段:GSM900/1800MHz 通话时间:200分钟 待机时间:80-200小时 和弦铃声:32和弦,http://detail.zol.com.cn/cell_phone/index30957.shtml,飞利浦
303422,飞利浦W820 ,256,"上市日期:2011年11月 手机类型:3G手机,智能手机，商务手机，时尚手机 外观设计:直板 主屏尺寸:3.2英寸 触摸屏:支持 主屏分辨率:480x320像素 网络模式:GSM，WCDMA",http://detail.zol.com.cn/cell_phone/index303422.shtml,飞利浦
303428,飞利浦D822（电信版） ,0,上市日期:2011年11月 手机类型:3G手机，智能手机，商务手机 主屏尺寸:3.5英寸 外观设计:直板 触摸屏:电容屏，多点触控 主屏分辨率:480x320像素 网络模式:GSM，CDMA2000,http://detail.zol.com.cn/cell_phone/index303428.shtml,飞利浦
303469,飞利浦W727 ,2500,上市日期:2011年 手机类型:3G手机，时尚手机 外观设计:翻盖 主屏尺寸:3.2英寸 触摸屏:电阻屏，单点触控 主屏分辨率:480x320像素 网络模式:GSM，WCDMA,http://detail.zol.com.cn/cell_phone/index303469.shtml,飞利浦
182208,飞利浦X810 ,1126,主屏尺寸:2.8英寸 主屏材质:TFT 主屏分辨率:400x240像素 屏幕像素密度:167ppi 3G网络:GSM RAM容量:512MB ROM容量:1GB,http://detail.zol.com.cn/cell_phone/index182208.shtml,飞利浦
121791,飞利浦9@9Z ,300,外观设计:直板 手机制式:GSM 支持频段:GSM 900/1800MHz 屏幕色彩:65K色彩屏 主屏参数:128×128像素 手机类型:音乐手机 和弦铃声:16和弦 理论待机时间:1个月,http://detail.zol.com.cn/cell_phone/index121791.shtml,飞利浦
271794,飞利浦F322 ,299,上市日期:2011年01月 手机类型:时尚手机 主屏尺寸:2.4英寸 外观设计:直板 主屏分辨率:320x240像素 网络模式:GSM 电池容量:1000mAh,http://detail.zol.com.cn/cell_phone/index271794.shtml,飞利浦
92117,飞利浦9@9s ,659,外观设计:翻盖 手机制式:GSM 支持频段:GSM900/1800MHz 屏幕色彩:26万色 主屏参数:128×160像素 手机类型:时尚手机 摄像头像素:130万像素 和弦铃声:40和弦 ,http://detail.zol.com.cn/cell_phone/index92117.shtml,飞利浦
1141951,飞利浦E131X ,138,主屏尺寸:2.4英寸 主屏分辨率:320x240像素 屏幕像素密度:167ppi 网络类型:双卡 RAM容量:32MB ROM容量:32MB 存储卡:MicroSD卡,http://detail.zol.com.cn/cell_phone/index1141951.shtml,飞利浦
362793,飞利浦W8560 ,2200,主屏尺寸:5英寸 主屏材质:IPS 主屏分辨率:1920x1080像素 屏幕像素密度:441ppi 网络类型:双卡双模 网络模式:GSM，WCDMA 操作系统:Android OS 4.2,http://detail.zol.com.cn/cell_phone/index362793.shtml,飞利浦
210102,飞利浦X806 ,430,主屏尺寸:3英寸 主屏材质:TFT 主屏分辨率:400x240像素 屏幕像素密度:155ppi 网络类型:双卡单模 3G网络:GSM 存储卡:MiniSD卡,http://detail.zol.com.cn/cell_phone/index210102.shtml,飞利浦
150338,飞利浦TM700 ,3200,"外观设计:直板 手机制式:GSM，TD-SCDMA 支持频段:GSM 900/1800/1900
TD-SCDMA 2010-2025MHz 屏幕色彩:26万色 主屏参数:240×320像素 手机类型:3G手机 摄像头像素:200万像素 理论待机时间:280小时",http://detail.zol.com.cn/cell_phone/index150338.shtml,飞利浦
362277,飞利浦T3566（移动版） ,499,运营商定制:中国移动 主屏尺寸:4英寸 主屏材质:TFT 主屏分辨率:800x480像素 网络模式:移动3G（TD-SCDMA），联通2G/移动2G（GSM） 操作系统:Android OS 4.2 CPU频率:1228MHz,http://detail.zol.com.cn/cell_phone/index362277.shtml,飞利浦
90747,飞利浦S890 ,1099,外观设计:滑盖 手机制式:GSM 支持频段:GSM900/1800MHz 摄像头像素:130万像素 理论待机时间:最长250小时 ,http://detail.zol.com.cn/cell_phone/index90747.shtml,飞利浦
361542,飞利浦X5500 ,799,主屏尺寸:2.6英寸 主屏材质:TFT 主屏分辨率:320x240像素 屏幕像素密度:154ppi 网络类型:双卡，双通 CPU型号:MTK6236 RAM容量:256MB,http://detail.zol.com.cn/cell_phone/index361542.shtml,飞利浦
90177,飞利浦S660 ,780,外观设计:直板 手机制式:GSM 支持频段:GSM900/1800MHz 摄像头像素:30万像素 和弦铃声:64和弦 理论待机时间:250 小时 ,http://detail.zol.com.cn/cell_phone/index90177.shtml,飞利浦
169521,飞利浦X520 ,658,外观设计:直板 手机制式:GSM 支持频段:GSM 850/900/1800/1900MHz 屏幕色彩:26万色 主屏参数:176×220像素 手机类型:商务手机 摄像头像素:200万像素 理论待机时间:720小时,http://detail.zol.com.cn/cell_phone/index169521.shtml,飞利浦
353449,飞利浦E1500 ,189,主屏尺寸:1.77英寸 主屏材质:TFT 主屏分辨率:160x128像素 网络类型:双卡单模 网络模式:GSM RAM容量:32MB ROM容量:32MB,http://detail.zol.com.cn/cell_phone/index353449.shtml,飞利浦
230992,飞利浦X100 ,248,外观设计:直板 手机制式:双卡双待 支持频段:GSM 900/1800MHz 屏幕色彩:26万色 主屏参数:128×160像素 手机类型:时尚手机 理论待机时间:800小时,http://detail.zol.com.cn/cell_phone/index230992.shtml,飞利浦
230994,飞利浦K600 ,500,外观设计:直板 网络模式:GSM 支持频段:GSM 900/1800/1900MHz 主屏色彩:26万色 主屏分辨率:240×400像素 手机类型:时尚手机 摄像头像素:300万像素,http://detail.zol.com.cn/cell_phone/index230994.shtml,飞利浦
293137,飞利浦X223 ,400,上市日期:2011年07月 手机类型:时尚手机 外观设计:滑盖 主屏尺寸:2.4英寸 主屏分辨率:320x240像素 网络模式:GSM 操作系统:MTK,http://detail.zol.com.cn/cell_phone/index293137.shtml,飞利浦
293176,飞利浦X126 ,199,主屏尺寸:1.44英寸 主屏材质:TFT 主屏分辨率:128x128像素 屏幕像素密度:126ppi 3G网络:GSM RAM容量:32MB 存储卡:MicroSD卡,http://detail.zol.com.cn/cell_phone/index293176.shtml,飞利浦
171475,飞利浦9@9q龙凤版 ,730,外观设计:翻盖 手机制式:GSM 支持频段:GSM 900/1800/1900MHz 屏幕色彩:26万色 主屏参数:176×220像素 手机类型:时尚手机 摄像头像素:130万像素 理论待机时间:720小时,http://detail.zol.com.cn/cell_phone/index171475.shtml,飞利浦
1159726,飞利浦E220 ,179,主屏尺寸:3.27英寸 主屏材质:TFT材质（IPS技术） 主屏分辨率:480x320像素 屏幕像素密度:176ppi 网络类型:双卡 CPU型号:联发科 MT6260A RAM容量:64MB,http://detail.zol.com.cn/cell_phone/index1159726.shtml,飞利浦
80424,飞利浦S200 ,480,外观设计:直板 手机制式:GSM 支持频段:GSM900/1800MHz 和弦铃声:16和弦 理论待机时间:336 小时 ,http://detail.zol.com.cn/cell_phone/index80424.shtml,飞利浦
76441,飞利浦S800 ,999,设计类型:翻盖 手机制式:GSM 支持频段:GSM900/1800MHz 理论通话时间:180 分钟 理论待机时间:180 小时 和弦铃声:64和弦 数码相机像素:30万像素,http://detail.zol.com.cn/cell_phone/index76441.shtml,飞利浦
46631,飞利浦659 ,0,设计类型:翻盖 手机制式:GSM 支持频段:GSM900/1800MHz 理论通话时间:180分钟 理论待机时间:300小时 和弦铃声:32和弦 数码相机像素:30万像素,http://detail.zol.com.cn/cell_phone/index46631.shtml,飞利浦
49973,飞利浦655 ,0,设计类型:翻盖 手机制式:GSM 支持频段:GSM900/1800/1900MHz 理论通话时间:长达 5.5 小时 理论待机时间:400小时 和弦铃声:64和弦 数码相机像素:30万像素,http://detail.zol.com.cn/cell_phone/index49973.shtml,飞利浦
49977,飞利浦568 ,920,设计类型:直板 手机制式:GSM 支持频段:GSM900/1800/1900MHz 理论通话时间:240分钟 理论待机时间:300小时 和弦铃声:40和弦 数码相机像素:31万像素,http://detail.zol.com.cn/cell_phone/index49977.shtml,飞利浦
345354,飞利浦W8355 ,1699,曝光日期:2013年 手机类型:3G手机，智能手机，商务手机，平板手机 外观设计:直板 主屏尺寸:5.3英寸 触摸屏:电容屏，多点触控 主屏分辨率:960x540像素 网络类型:双卡双模,http://detail.zol.com.cn/cell_phone/index345354.shtml,飞利浦
280991,飞利浦X128 ,220,上市日期:2011年04月 手机类型:时尚手机 外观设计:直板 主屏尺寸:2.0英寸 主屏分辨率:220x176像素 网络模式:GSM 电池容量:1050mAh,http://detail.zol.com.cn/cell_phone/index280991.shtml,飞利浦
1103045,飞利浦V787（双4G） ,899,主屏尺寸:5英寸 主屏材质:TFT材质（IPS技术） 主屏分辨率:1920x1080像素 屏幕像素密度:441ppi 网络类型:双卡 4G网络:移动TD-LTE，联通TD-LTE，联通FDD-LTE 操作系统:Android OS 5.1,http://detail.zol.com.cn/cell_phone/index1103045.shtml,飞利浦
353881,飞利浦W8510 ,899,价格偏高，3300mAh大容量电池，待机时间较长，4GB内存较小，整体感觉机身比较厚，支持3G视频通话,http://detail.zol.com.cn/cell_phone/index353881.shtml,飞利浦
1185620,飞利浦X596（全网通） ,1399,2.5D弧面玻璃，指纹识别，极速快充,http://detail.zol.com.cn/cell_phone/index1185620.shtml,飞利浦
287492,飞利浦X125 ,190,上市日期:2011年06月 手机类型:时尚手机 外观设计:直板 主屏尺寸:1.44英寸 主屏分辨率:128x128像素 网络模式:GSM 电池容量:1050mAh,http://detail.zol.com.cn/cell_phone/index287492.shtml,飞利浦
326536,飞利浦X130 ,300,上市日期:2012年 手机类型:时尚手机 外观设计:直板 主屏分辨率:320x240像素 网络类型:双卡单模 网络模式:GSM RAM容量:64MB,http://detail.zol.com.cn/cell_phone/index326536.shtml,飞利浦
356989,飞利浦W7376 ,699,主屏尺寸:4.3英寸 主屏分辨率:960x540像素 屏幕像素密度:256ppi 网络类型:双卡双模 网络模式:GSM，WCDMA 操作系统:Android OS 4.0 核心数:双核,http://detail.zol.com.cn/cell_phone/index356989.shtml,飞利浦
140964,飞利浦9@9v ,450,外观设计:直板 手机制式:GSM 支持频段:GSM 900/1800MHz 屏幕色彩:65536色 主屏参数:128×160 像素 手机类型:时尚手机 和弦铃声:16和弦 理论待机时间:长达750小时,http://detail.zol.com.cn/cell_phone/index140964.shtml,飞利浦
1160458,飞利浦S326（联通4G） ,360,主屏尺寸:5英寸 主屏材质:TFT材质 主屏分辨率:1280x720像素 屏幕像素密度:187ppi 4G网络:联通TD-LTE，联通FDD-LTE SIM卡:双卡 操作系统:Android,http://detail.zol.com.cn/cell_phone/index1160458.shtml,飞利浦
324749,飞利浦W930（联通3G） ,3999,主屏尺寸:3.2英寸 主屏材质:TFT 主屏分辨率:480x320像素 屏幕像素密度:180ppi 网络类型:双卡 3G网络:联通3G（WCDMA），联通2G/移动2G（GSM） 操作系统:Android OS 2.3,http://detail.zol.com.cn/cell_phone/index324749.shtml,飞利浦
384583,飞利浦I908 ,899,主屏尺寸:5英寸 主屏材质:TFT材质（IPS技术） 主屏分辨率:1920x1080像素 屏幕像素密度:441ppi 3G网络:联通3G（WCDMA），联通2G/移动2G（GSM） 操作系统:Android OS 4.4 核心数:真八核,http://detail.zol.com.cn/cell_phone/index384583.shtml,飞利浦
233221,飞利浦E102 ,194,外观设计:直板 网络模式:GSM 支持频段:GSM 900/1800MHz 主屏色彩:65536色 主屏分辨率:128×128像素 手机类型:时尚手机 理论待机时间:300小时,http://detail.zol.com.cn/cell_phone/index233221.shtml,飞利浦
203865,飞利浦V808 ,800,手机配备了一块3.2吋的HVGA（320x480）TFT触摸屏，屏幕左上角是一个光线感应器，用于自动调节屏幕亮度达到省电的目的，屏幕正下方则是3个触摸式功能键，整个手机正面设计相当简单。手机背面同样简约，仅有一个独立扬声器，以及一枚320万像素的自动对焦摄像头，遗憾的是并没有闪光灯的加入。要知道，这可是目前采用Android系统的终端里，比较中高端得配置了。,http://detail.zol.com.cn/cell_phone/index203865.shtml,飞利浦
142483,飞利浦M600 ,630,外观设计:直板 手机制式:GSM 支持频段:GSM 900/1800MHz 屏幕色彩:26万色 主屏参数:176×220像素 手机类型:音乐手机 摄像头像素:130万像素,http://detail.zol.com.cn/cell_phone/index142483.shtml,飞利浦
358056,飞利浦X1560 ,379,主屏尺寸:2.4英寸 主屏分辨率:320x240像素 屏幕像素密度:167ppi 网络类型:双卡 RAM容量:64MB ROM容量:128MB 存储卡:MicroSD卡,http://detail.zol.com.cn/cell_phone/index358056.shtml,飞利浦
190380,飞利浦C600 ,1085,"外观设计:直板 网络模式:双模/双待 支持频段:GSM 900/1800/1900
CDMA1X 800MHz 主屏分辨率:240×320像素 手机类型:商务手机 摄像头像素:130万像素",http://detail.zol.com.cn/cell_phone/index190380.shtml,飞利浦
190479,飞利浦X650 ,800,外观设计:滑盖 手机制式:GSM 支持频段:GSM 900/1800/1900MHz 屏幕色彩:26万色 主屏参数:240×432像素 手机类型:时尚手机 摄像头像素:320万像素 理论待机时间:720小时,http://detail.zol.com.cn/cell_phone/index190479.shtml,飞利浦
110293,飞利浦9@9h ,638,外观设计:翻盖 手机制式:GSM 支持频段:GSM900/1800MHz 屏幕色彩:65K色彩屏 主屏参数:128×160 像素 手机类型:时尚手机 和弦铃声:16和弦 理论待机时间:1 月 ,http://detail.zol.com.cn/cell_phone/index110293.shtml,飞利浦
110294,飞利浦290 ,520,外观设计:滑盖 手机制式:GSM 支持频段:GSM900/1800MHz 摄像头像素:30万像素 和弦铃声:64和弦 理论待机时间:长达 200 小时 ,http://detail.zol.com.cn/cell_phone/index110294.shtml,飞利浦
221196,飞利浦X320 ,510,外观设计:直板 网络模式:GSM 支持频段:GSM 900/1800/1900MHz 主屏色彩:26万色 主屏分辨率:240×320像素 手机类型:时尚手机 摄像头像素:200万像素,http://detail.zol.com.cn/cell_phone/index221196.shtml,飞利浦
404744,飞利浦S396（双4G） ,479,主屏尺寸:5英寸 主屏材质:TFT材质（IPS技术） 主屏分辨率:1280x720像素 屏幕像素密度:294ppi 网络类型:双卡，双4G 4G网络:移动TD-LTE，联通TD-LTE，联通FDD-LTE 操作系统:Android OS 5.1,http://detail.zol.com.cn/cell_phone/index404744.shtml,飞利浦
254890,飞利浦F511 ,288,上市日期:2010年08月 手机类型:时尚手机 外观设计:直板 主屏尺寸:2.4英寸 主屏分辨率:240×320像素 网络模式:GSM 输入方式:键盘,http://detail.zol.com.cn/cell_phone/index254890.shtml,飞利浦
254899,飞利浦X513 ,740,上市日期:2010年08月 手机类型:时尚手机 外观设计:直板 主屏尺寸:2.2英寸 主屏分辨率:240×320像素 网络模式:双卡双待 输入方式:键盘,http://detail.zol.com.cn/cell_phone/index254899.shtml,飞利浦
382181,飞利浦小飞侠 ,460,主屏尺寸:4英寸 主屏材质:TFT材质（IPS技术） 主屏分辨率:800x480像素 屏幕像素密度:233ppi 网络类型:双卡 3G网络:HSPA+，联通3G（WCDMA），联通2G/移动2G（GSM） 操作系统:云 OS 2.7,http://detail.zol.com.cn/cell_phone/index382181.shtml,飞利浦
400608,飞利浦E350 ,398,主屏尺寸:2.8英寸 CPU型号:展讯 SC6531C SIM卡类型:双卡，SIM卡 RAM容量:64Mb ROM容量:128Mb 存储卡:MicroSD卡 电池类型:可拆卸式电池,http://detail.zol.com.cn/cell_phone/index400608.shtml,飞利浦
400714,飞利浦I999（双4G） ,999,主屏尺寸:5.5英寸 主屏分辨率:2560x1440像素 屏幕像素密度:534ppi 4G网络:移动TD-LTE，联通TD-LTE，联通FDD-LTE SIM卡:单卡，Micro SIM卡 操作系统:Android 4.4 核心数:四核,http://detail.zol.com.cn/cell_phone/index400714.shtml,飞利浦
374334,飞利浦W3500 ,599,主屏尺寸:5英寸 主屏材质:TFT材质 主屏分辨率:854x480像素 屏幕像素密度:196ppi 网络类型:双卡 3G网络:联通3G（WCDMA），联通2G/移动2G（GSM） 操作系统:Android OS 4.2,http://detail.zol.com.cn/cell_phone/index374334.shtml,飞利浦
104737,飞利浦9@9r ,1088,外观设计:翻盖 手机制式:GSM 支持频段:GSM 900/1800/1900MHz 屏幕色彩:26万色 主屏参数:176×220 像素 手机类型:音乐手机 摄像头像素:130万像素 和弦铃声:64和弦 理论待机时间:1 月 ,http://detail.zol.com.cn/cell_phone/index104737.shtml,飞利浦
380158,飞利浦I928 ,920,主屏尺寸:6英寸 主屏分辨率:1920x1080像素 屏幕像素密度:367ppi 3G网络:联通3G（WCDMA），联通2G/移动2G（GSM） 操作系统:Android OS 4.2 核心数:真八核 CPU型号:联发科 MT6592,http://detail.zol.com.cn/cell_phone/index380158.shtml,飞利浦
349852,飞利浦D833（电信版） ,1499,曝光日期:2013年 手机类型:3G手机，智能手机，商务手机 外观设计:直板 主屏尺寸:4.3英寸 触摸屏:电容屏，多点触控 主屏分辨率:800x480像素 网络类型:双卡双模,http://detail.zol.com.cn/cell_phone/index349852.shtml,飞利浦
349862,飞利浦T939（移动3G） ,1580,主屏尺寸:3.2英寸 主屏材质:TFT 主屏分辨率:480x320像素 屏幕像素密度:180ppi 网络类型:双卡 3G网络:移动3G（TD-SCDMA），联通2G/移动2G（GSM） 操作系统:Android OS 4.0,http://detail.zol.com.cn/cell_phone/index349862.shtml,飞利浦
318813,飞利浦D633（电信版） ,499,手机类型:3G手机，智能手机 上市日期:2012年 外观设计:直板 触摸屏:电容屏，多点触控 主屏分辨率:800x480像素 网络类型:单卡双模 网络模式:CDMA2000,http://detail.zol.com.cn/cell_phone/index318813.shtml,飞利浦
349300,飞利浦X2560 ,299,主屏尺寸:2.4英寸 主屏材质:TFT 主屏分辨率:320x240像素 屏幕像素密度:167ppi 网络类型:双卡 存储卡:MicroSD卡 电池类型:可拆卸式电池,http://detail.zol.com.cn/cell_phone/index349300.shtml,飞利浦
255466,飞利浦Fluid ,0,"上市日期:2010年08月 外观设计:直板 输入方式:键盘 主屏材质:OLED 输入法:拼音输入，笔画输入，大写字母，小写字母，数字输入 包装清单:主机  x1
锂电池  x1
充电器  x1
说明书  x1 通话记录:已接+已拨+未接电话",http://detail.zol.com.cn/cell_phone/index255466.shtml,飞利浦
1138681,飞利浦V800（双4G） ,1499,主屏尺寸:3.7英寸 主屏材质:LCD 主屏分辨率:1280x720像素 屏幕像素密度:397ppi 4G网络:移动TD-LTE，联通TD-LTE，联通FDD-LTE 操作系统:Android OS 5.1 核心数:四核,http://detail.zol.com.cn/cell_phone/index1138681.shtml,飞利浦
83858,飞利浦588 ,599,外观设计:翻盖 手机制式:GSM 支持频段:GSM900/1800/1900MHz 摄像头像素:130万像素 和弦铃声:64和弦 理论待机时间:长达 300 小时 ,http://detail.zol.com.cn/cell_phone/index83858.shtml,飞利浦
83978,飞利浦S900 ,888,外观设计:直板 手机制式:GSM 支持频段:GSM900/1800/1900MHz 屏幕色彩:26万色 主屏参数:176×220像素 手机类型:商务；音乐手机 摄像头像素:200万像素 和弦铃声:64和弦 理论待机时间:290 小时 ,http://detail.zol.com.cn/cell_phone/index83978.shtml,飞利浦
84160,飞利浦9@9d ,780,外观设计:直板 手机制式:GSM 支持频段:GSM900/1800MHz 摄像头像素:130万像素 和弦铃声:64和弦 理论待机时间:850 小时 ,http://detail.zol.com.cn/cell_phone/index84160.shtml,飞利浦
204732,飞利浦K700 ,499,主屏尺寸:2.8英寸 主屏材质:TFT 主屏分辨率:400x240像素 屏幕像素密度:167ppi 3G网络:GSM 存储卡:MicroSD卡 电池类型:可拆卸式电池,http://detail.zol.com.cn/cell_phone/index204732.shtml,飞利浦
204734,飞利浦X501 ,770,外观设计:直板 手机制式:GSM 支持频段:GSM 900/1800/1900MHz 屏幕色彩:26万色 主屏参数:240×320像素 手机类型:音乐手机 摄像头像素:200万像素 理论待机时间:1440小时,http://detail.zol.com.cn/cell_phone/index204734.shtml,飞利浦
295687,飞利浦W725 ,550,"上市日期:2011年08月 手机类型:3G手机,智能手机，商务手机，时尚手机 主屏尺寸:3.2英寸 外观设计:直板 触摸屏:支持 主屏分辨率:400x240像素 网络模式:GSM，WCDMA",http://detail.zol.com.cn/cell_phone/index295687.shtml,飞利浦
295739,飞利浦X723 ,1000,手机类型:时尚手机 上市日期:2011年08月 外观设计:直板 触摸屏:支持 主屏分辨率:240×320像素 网络模式:GSM GPS导航:支持A-GPS,http://detail.zol.com.cn/cell_phone/index295739.shtml,飞利浦
1162303,飞利浦E101 ,149,主屏尺寸:1.7英寸 主屏材质:TFT 主屏分辨率:128x160像素 屏幕像素密度:121ppi SIM卡:单卡 电池类型:可拆卸式电池 电池容量:500mAh,http://detail.zol.com.cn/cell_phone/index1162303.shtml,飞利浦
228757,飞利浦X603 ,800,外观设计:直板 手机制式:GSM 支持频段:GSM 900/1800/1900MHz 屏幕色彩:26万色 主屏参数:240×320像素 手机类型:拍照手机 摄像头像素:500万像素 理论待机时间:1200小时,http://detail.zol.com.cn/cell_phone/index228757.shtml,飞利浦
49026,飞利浦859 ,0,设计类型:翻盖 手机制式:GSM 支持频段:GSM850/900/1800/1900MHz 理论通话时间:240分钟 理论待机时间:220-400小时 和弦铃声:32和弦 数码相机像素:30万像素,http://detail.zol.com.cn/cell_phone/index49026.shtml,飞利浦
258999,飞利浦F718 ,599,飞利浦F718采用滑盖设计，正面配备了一块2.6英寸TFT显示屏，支持触控操作；11.9mm厚的机身对于这款金属材质机身的手机来说还算是相当纤薄的。机身滑盖下部分的设计十分奇特，采用翘起造型设计，对于用户推起滑盖来说手感相当不错。,http://detail.zol.com.cn/cell_phone/index258999.shtml,飞利浦
259068,飞利浦X116 ,320,上市日期:2010年09月 手机类型:时尚手机 外观设计:直板 主屏尺寸:2.0英寸 主屏分辨率:176×220像素 网络模式:双卡双待 输入方式:键盘,http://detail.zol.com.cn/cell_phone/index259068.shtml,飞利浦
236992,飞利浦X312 ,950,外观设计:直板 手机制式:GSM 支持频段:GSM 900/1800/1900MHz 屏幕色彩:26万色 主屏参数:240×320像素 手机类型:时尚手机 摄像头像素:200万像素,http://detail.zol.com.cn/cell_phone/index236992.shtml,飞利浦
237002,飞利浦X809 ,1050,外观设计:直板 手机制式:双卡双待 支持频段:GSM 900/1800MHz 屏幕色彩:26万色 主屏参数:240×400像素 手机类型:拍照手机，商务手机 摄像头像素:500万像素,http://detail.zol.com.cn/cell_phone/index237002.shtml,飞利浦
267539,飞利浦X216 ,280,上市日期:2010年12月 手机类型:时尚手机 外观设计:翻盖 主屏尺寸:1.8英寸 主屏分辨率:160x128像素 网络模式:GSM 电池容量:1050mAh,http://detail.zol.com.cn/cell_phone/index267539.shtml,飞利浦
118304,飞利浦9@9W ,660,外观设计:直板 手机制式:GSM 支持频段:GSM 900/1800/1900MHz 屏幕色彩:26万色 主屏参数:176×220像素 手机类型:时尚手机 摄像头像素:200万像素 理论待机时间:720小时,http://detail.zol.com.cn/cell_phone/index118304.shtml,飞利浦
29336,飞利浦625 ,0,GSM 900/1800MHz/120-285分钟通话时间/100-330小时待机时间,http://detail.zol.com.cn/cell_phone/index29336.shtml,飞利浦
29337,飞利浦826 ,0,GSM 900/1800MHz/330分钟通话时间/400小时待机时间,http://detail.zol.com.cn/cell_phone/index29337.shtml,飞利浦
29338,飞利浦9@9+ ,0,GSM 900/1800MHz/225-345分钟通话时间/225-600小时待机时间,http://detail.zol.com.cn/cell_phone/index29338.shtml,飞利浦
238802,飞利浦X712 ,2015,外观设计:翻盖 网络模式:双卡双待 支持频段:GSM 900/1800/1900MHz 主屏色彩:26万色 主屏分辨率:240×400像素 手机类型:时尚手机 摄像头像素:500万像素 理论待机时间:744小时,http://detail.zol.com.cn/cell_phone/index238802.shtml,飞利浦
1227368,飞利浦S562Z （全网通） ,899,主屏尺寸:5.7英寸 操作系统:Android 主屏材质:TFT材质 主屏分辨率:1440x720像素 屏幕像素密度:282ppi 4G网络:移动TD-LTE，联通TD-LTE，联通FDD-LTE，电信TD-LTE，电信FDD-LTE SIM卡类型:双卡，SIM卡,http://detail.zol.com.cn/cell_phone/index1227368.shtml,飞利浦
268782,飞利浦X815 ,1299,上市日期:2011年01月 手机类型:时尚手机 外观设计:直板 主屏尺寸:3.2英寸 主屏分辨率:400x240像素 网络模式:GSM 电池容量:1530mAh,http://detail.zol.com.cn/cell_phone/index268782.shtml,飞利浦
268784,飞利浦X523 ,650,上市日期:2011年01月 手机类型:时尚手机 主屏尺寸:2.4英寸 外观设计:直板 主屏分辨率:320x240像素 网络模式:GSM 机身内存:78MB,http://detail.zol.com.cn/cell_phone/index268784.shtml,飞利浦
329422,飞利浦W732 ,750,主屏尺寸:4.3英寸 主屏材质:IPS 主屏分辨率:800x480像素 屏幕像素密度:217ppi 网络类型:双卡 操作系统:Android OS 4.0 核心数:单核,http://detail.zol.com.cn/cell_phone/index329422.shtml,飞利浦
146239,飞利浦191手机 ,0,主屏尺寸:1.5英寸 主屏材质:CSTN 主屏分辨率:128×128像素 屏幕像素密度:85ppi 电池容量:800mAh 上市日期:2008年 手机类型:时尚手机,http://detail.zol.com.cn/cell_phone/index146239.shtml,飞利浦
298587,飞利浦X525 ,480,上市日期:2011年06月 手机类型:时尚手机 主屏尺寸:3.0英寸 外观设计:直板 触摸屏:支持 主屏分辨率:400x240像素 网络模式:GSM,http://detail.zol.com.cn/cell_phone/index298587.shtml,飞利浦
266998,飞利浦X516 ,550,上市日期:2010年12月 手机类型:时尚手机 外观设计:滑盖 主屏尺寸:2.6英寸 主屏分辨率:320x240像素 网络模式:GSM 电池容量:1530mAh,http://detail.zol.com.cn/cell_phone/index266998.shtml,飞利浦
262923,飞利浦D612（电信版） ,500,手机类型:3G手机 上市日期:2010年11月 外观设计:直板 主屏尺寸:2.4英寸 触摸屏:支持 主屏分辨率:320x240像素 网络类型:双卡双模,http://detail.zol.com.cn/cell_phone/index262923.shtml,飞利浦
262926,飞利浦X518 ,460,上市日期:2010年11月 手机类型:时尚手机 主屏尺寸:2.8英寸 外观设计:直板 触摸屏:支持 主屏分辨率:320x240像素 网络模式:GSM,http://detail.zol.com.cn/cell_phone/index262926.shtml,飞利浦
295645,飞利浦S508EG（电信版） ,0,手机类型:时尚手机 上市日期:2011年08月 外观设计:直板 触摸屏:支持 主屏分辨率:480x320像素 网络类型:单卡双模 网络模式:GSM，CDMA2000,http://detail.zol.com.cn/cell_phone/index295645.shtml,飞利浦
85240,飞利浦S880 ,990,外观设计:翻盖 手机制式:GSM 支持频段:GSM900/1800MHz 摄像头像素:30万像素 和弦铃声:64和弦 ,http://detail.zol.com.cn/cell_phone/index85240.shtml,飞利浦
54756,飞利浦760 ,1199,设计类型:翻盖 手机制式:GSM 支持频段:GSM900/1800MHz 理论通话时间:4 小时 40 分钟 理论待机时间:长达 560 小时 数码相机像素:130万像素,http://detail.zol.com.cn/cell_phone/index54756.shtml,飞利浦
144496,飞利浦Xenium X-Connect ,0,手机制式:GSM 手机类型:3G手机,http://detail.zol.com.cn/cell_phone/index144496.shtml,飞利浦
232353,飞利浦X503 ,500,外观设计:直板 手机制式:双卡双待 支持频段:GSM 900/1800/1900MHz 手机类型:时尚手机 摄像头像素:320万像素,http://detail.zol.com.cn/cell_phone/index232353.shtml,飞利浦
82279,飞利浦9@9t ,748,外观设计:直板 手机制式:GSM 支持频段:GSM900/1800/1900MHz 屏幕色彩:65K色彩屏 主屏参数:128×160像素 手机类型:商务；音乐手机 摄像头像素:130万像素 和弦铃声:40和弦 理论待机时间:850小时 ,http://detail.zol.com.cn/cell_phone/index82279.shtml,飞利浦
389732,飞利浦V387 ,550,官方宣传千元双卡待机王，5英寸屏幕，4400毫安超大可拆卸电池，支持一键节电功能,http://detail.zol.com.cn/cell_phone/index389732.shtml,飞利浦
265975,飞利浦K600（红宝石限量版） ,850,手机类型:时尚手机 外观设计:直板 触摸屏:支持 主屏分辨率:240×400像素 网络模式:GSM 输入方式:手写 摄像头像素:300万像素,http://detail.zol.com.cn/cell_phone/index265975.shtml,飞利浦
265990,飞利浦D813（电信版） ,770,上市日期:2010年12月 手机类型:3G手机 外观设计:直板 主屏尺寸:3.2英寸 触摸屏:支持 主屏分辨率:400x240像素 网络模式:GSM，CDMA2000,http://detail.zol.com.cn/cell_phone/index265990.shtml,飞利浦
265998,飞利浦D613（电信版） ,680,上市日期:2010年12月 手机类型:3G手机 外观设计:翻盖 主屏尺寸:2.4英寸 主屏分辨率:320x240像素 网络模式:GSM，CDMA2000 机身内存:117MB,http://detail.zol.com.cn/cell_phone/index265998.shtml,飞利浦
266001,飞利浦F515 ,349,上市日期:2011年03月 手机类型:时尚手机 外观设计:翻盖 主屏尺寸:2.4英寸 主屏分辨率:320x240像素 网络模式:GSM 电池容量:920mAh,http://detail.zol.com.cn/cell_phone/index266001.shtml,飞利浦
359296,飞利浦W6500 ,1298,主屏尺寸:4.3英寸 主屏材质:IPS 主屏分辨率:960x540像素 屏幕像素密度:256ppi 网络类型:双卡双模 3G网络:联通3G（WCDMA），联通2G/移动2G（GSM） 操作系统:Android OS 4.2,http://detail.zol.com.cn/cell_phone/index359296.shtml,飞利浦
143769,飞利浦X800 ,630,手机昵称:X800 外观设计:直板 手机制式:GSM 支持频段:GSM 900/1800/1900MHz 屏幕色彩:26万色 主屏参数:240×400像素 手机类型:时尚手机 摄像头像素:200万像素 理论待机时间:850小时,http://detail.zol.com.cn/cell_phone/index143769.shtml,飞利浦
143777,飞利浦9@9q ,640,外观设计:翻盖 手机制式:GSM 支持频段:GSM 900/1800/1900MHz 屏幕色彩:26万色 主屏参数:176×220 像素 手机类型:时尚手机 摄像头像素:130万像素 和弦铃声:64和弦 理论待机时间:长达 1 月,http://detail.zol.com.cn/cell_phone/index143777.shtml,飞利浦
236450,飞利浦X703 ,599,外观设计:直板 手机制式:GSM 支持频段:GSM 900/1800/1900MHz 屏幕色彩:26万色 主屏参数:240×400像素 手机类型:音乐手机，商务手机，时尚手机 摄像头像素:320万像素,http://detail.zol.com.cn/cell_phone/index236450.shtml,飞利浦
55660,飞利浦162 ,0,设计类型:直板 手机制式:GSM 支持频段:GSM900/1800MHz 理论通话时间:240分钟 理论待机时间:300小时 和弦铃声:16和弦,http://detail.zol.com.cn/cell_phone/index55660.shtml,飞利浦
207027,飞利浦V900 ,1445,还记得2009年8月底笔者评测的飞利浦V808，它作为早期Android机型的一员，在当时还是给笔者留下相当深刻的印象。时隔半年之久，飞利浦再推新品，仍然选择了最被看好的Android系统。不过这次却更为直接地将手机定位为ophone，搭载了OMS系统，直板触屏设计，对移动的用户来说，不失为一个不错的换机选择。,http://detail.zol.com.cn/cell_phone/index207027.shtml,飞利浦
145650,飞利浦198 ,268,手机类型:时尚手机 上市日期:2008年 主屏尺寸:1.47英寸 外观设计:直板 主屏分辨率:128×128像素 网络模式:GSM 电池容量:800mAh,http://detail.zol.com.cn/cell_phone/index145650.shtml,飞利浦
145150,飞利浦199 ,0,外观设计:直板 手机制式:GSM 支持频段:GSM 900/1800MHz 屏幕色彩:65536色 主屏参数:128×128像素 手机类型:时尚手机 和弦铃声:64和弦 理论待机时间:500 小时 ,http://detail.zol.com.cn/cell_phone/index145150.shtml,飞利浦
82803,飞利浦9@9a ,980,外观设计:直板 手机制式:GSM 支持频段:GSM900/1800MHz 和弦铃声:64和弦 理论待机时间:1000 小时 ,http://detail.zol.com.cn/cell_phone/index82803.shtml,飞利浦
113543,飞利浦399 ,1390,外观设计:直板 手机制式:GSM 支持频段:GSM900/1800MHz 和弦铃声:和弦 ,http://detail.zol.com.cn/cell_phone/index113543.shtml,飞利浦
58994,飞利浦968 ,1389,外观设计:旋转屏 手机制式:GSM 支持频段:GSM900/1800MHz 摄像头像素:130万像素 和弦铃声:64和弦 理论待机时间:240小时 ,http://detail.zol.com.cn/cell_phone/index58994.shtml,飞利浦
58995,飞利浦766 ,1199,设计类型:旋转屏 手机制式:GSM 支持频段:GSM900/1800/1900MHz 理论通话时间:330分钟 理论待机时间:150小时 和弦铃声:64和弦 数码相机像素:130万像素,http://detail.zol.com.cn/cell_phone/index58995.shtml,飞利浦
1167075,飞利浦E571（移动/联通2G） ,338,主屏尺寸:2.8英寸 主屏分辨率:320x240像素 屏幕像素密度:143ppi SIM卡:双卡，SIM卡 CPU型号:联发科 MT6062A RAM容量:64MB ROM容量:128MB,http://detail.zol.com.cn/cell_phone/index1167075.shtml,飞利浦
59781,飞利浦960 ,1699,外观设计:滑盖 手机制式:GSM 支持频段:GSM900/1800MHz 摄像头像素:200万像素 和弦铃声:64和弦 理论待机时间:长达 270 小时 ,http://detail.zol.com.cn/cell_phone/index59781.shtml,飞利浦
59782,飞利浦868 ,0,设计类型:旋转屏 手机制式:GSM 支持频段:GSM900/1800/1900MHz 理论通话时间:330分钟 理论待机时间:150小时 和弦铃声:64和弦 数码相机像素:200万像素,http://detail.zol.com.cn/cell_phone/index59782.shtml,飞利浦
55350,飞利浦9@98 ,748,外观设计:直板 手机制式:GSM 支持频段:GSM900/1800MHz 和弦铃声:16和弦 理论待机时间:672 小时 ,http://detail.zol.com.cn/cell_phone/index55350.shtml,飞利浦
27749,飞利浦9@9 ,0,GSM 900/1800MHz/180-240分钟通话时间/225-600小时待机时间,http://detail.zol.com.cn/cell_phone/index27749.shtml,飞利浦
27750,飞利浦969+ ,0,GSM 900/1800MHz/139-345分钟通话时间/200-450小时待机时间,http://detail.zol.com.cn/cell_phone/index27750.shtml,飞利浦
27751,飞利浦820 ,0,GSM/120-300分钟通话时间/100-300小时待机时间,http://detail.zol.com.cn/cell_phone/index27751.shtml,飞利浦
27752,飞利浦620 ,0,单电单充,http://detail.zol.com.cn/cell_phone/index27752.shtml,飞利浦
27753,飞利浦120 ,0,GSM 900/1800MHz/240分钟通话时间/350小时待机时间,http://detail.zol.com.cn/cell_phone/index27753.shtml,飞利浦
237853,飞利浦X510 ,425,外观设计:滑盖 手机制式:GSM 支持频段:GSM 900/1800/1900MHz 屏幕色彩:26万色 主屏参数:240×320像素 手机类型:时尚手机 摄像头像素:200万像素,http://detail.zol.com.cn/cell_phone/index237853.shtml,飞利浦
237995,飞利浦F610 ,386,外观设计:翻盖 网络模式:GSM 支持频段:GSM 900/1800MHz 主屏色彩:26万色 主屏分辨率:240×320像素 手机类型:时尚手机 摄像头像素:200万像素 理论待机时间:700小时,http://detail.zol.com.cn/cell_phone/index237995.shtml,飞利浦
208879,飞利浦OPhone ,0,外观设计:直板 手机制式:GSM、TD-SCDMA 手机类型:智能手机；3G手机,http://detail.zol.com.cn/cell_phone/index208879.shtml,飞利浦
299723,飞利浦W527 ,0,"手机类型:3G手机,智能手机，商务手机，时尚手机 上市日期:2011年09月 外观设计:直板 触摸屏:支持 主屏分辨率:320x240像素 网络类型:单卡双模 网络模式:GSM，WCDMA",http://detail.zol.com.cn/cell_phone/index299723.shtml,飞利浦
299727,飞利浦W920 ,579,"上市日期:2011年09月 手机类型:3G手机,智能手机，商务手机，时尚手机 主屏尺寸:4.3英寸 外观设计:直板 触摸屏:支持 主屏分辨率:800x480像素 网络模式:GSM，WCDMA",http://detail.zol.com.cn/cell_phone/index299727.shtml,飞利浦
299737,飞利浦W625 ,850,上市日期:2011年09月 手机类型:3G手机，商务手机，时尚手机 外观设计:滑盖 主屏尺寸:3英寸 触摸屏:支持 主屏分辨率:400x240像素 网络模式:GSM，WCDMA,http://detail.zol.com.cn/cell_phone/index299737.shtml,飞利浦
299771,飞利浦X622 ,650,上市日期:2011年09月 手机类型:时尚手机 主屏尺寸:3.2英寸 外观设计:直板 主屏分辨率:480x320像素 网络模式:GSM 电池容量:2100mAh,http://detail.zol.com.cn/cell_phone/index299771.shtml,飞利浦
299974,飞利浦V726 ,1030,上市日期:2011年08月 手机类型:智能手机，时尚手机 主屏尺寸:3.2英寸 外观设计:直板 触摸屏:支持 主屏分辨率:480x320像素 网络模式:GSM,http://detail.zol.com.cn/cell_phone/index299974.shtml,飞利浦
269590,飞利浦W715 ,500,上市日期:2011年01月 手机类型:3G手机 主屏尺寸:2.4英寸 外观设计:直板 主屏分辨率:320x240像素 网络模式:GSM，WCDMA 电池容量:1900mAh,http://detail.zol.com.cn/cell_phone/index269590.shtml,飞利浦
1138326,飞利浦S711L（移动4G） ,950,主屏尺寸:7英寸 主屏材质:TFT材质（IPS技术） 主屏分辨率:1920x1200像素 屏幕像素密度:323ppi 4G网络:移动TD-LTE SIM卡:双卡，Micro SIM卡 操作系统:Android 5.1,http://detail.zol.com.cn/cell_phone/index1138326.shtml,飞利浦
1168211,飞利浦E168 ,129,主屏尺寸:2.4英寸 主屏分辨率:320x240 屏幕像素密度:167ppi SIM卡类型:SIM卡 存储卡:MicroSD卡 电池类型:可拆卸式电池 电池容量:1600mAh,http://detail.zol.com.cn/cell_phone/index1168211.shtml,飞利浦
1168226,飞利浦E181 ,259,主屏尺寸:2.4英寸 主屏分辨率:320x240 屏幕像素密度:167ppi SIM卡类型:SIM卡 RAM容量:32MB ROM容量:32MB 存储卡:MicroSD卡,http://detail.zol.com.cn/cell_phone/index1168226.shtml,飞利浦
